building_id,building_x,building_y,connection_x,connection_y,distance_to_street,street_segment_id,street_name,heating_load_kw,annual_heat_demand_kwh,building_type,building_area_m2,pipe_type,temperature_c,flow_direction,follows_street,connected_to_supply_pipe,connected_to_return_pipe
0,455383.4712243418,5733703.691371183,455366.5696228114,5733697.44311528,18.019568144654297,943,Unknown,10.0,24000,residential,120,supply_service,70,main_to_building,True,True,True
0,455383.4712243418,5733703.691371183,455366.5696228114,5733697.44311528,18.019568144654297,943,Unknown,10.0,24000,residential,120,return_service,40,building_to_main,True,True,True
9,455416.27521174855,5733764.160533027,455415.6932005465,5733798.767920508,34.612281134262275,943,Unknown,10.0,24000,residential,120,supply_service,70,main_to_building,True,True,True
9,455416.27521174855,5733764.160533027,455415.6932005465,5733798.767920508,34.612281134262275,943,Unknown,10.0,24000,residential,120,return_service,40,building_to_main,True,True,True
15,455426.1198123136,5733788.48961137,455420.12287048984,5733801.642804559,14.455787848630017,412,Unknown,10.0,24000,residential,120,supply_service,70,main_to_building,True,True,True
15,455426.1198123136,5733788.48961137,455420.12287048984,5733801.642804559,14.455787848630017,412,Unknown,10.0,24000,residential,120,return_service,40,building_to_main,True,True,True
27,455453.2983244004,5733817.570181901,455420.9902056796,5733832.555740782,35.61434416445315,824,Unknown,10.0,24000,residential,120,supply_service,70,main_to_building,True,True,True
27,455453.2983244004,5733817.570181901,455420.9902056796,5733832.555740782,35.61434416445315,824,Unknown,10.0,24000,residential,120,return_service,40,building_to_main,True,True,True
28,455457.5848268645,5733824.213973493,455426.5819437253,5733841.938141563,35.71169131675794,824,Unknown,10.0,24000,residential,120,supply_service,70,main_to_building,True,True,True
28,455457.5848268645,5733824.213973493,455426.5819437253,5733841.938141563,35.71169131675794,824,Unknown,10.0,24000,residential,120,return_service,40,building_to_main,True,True,True
39,455476.4675196552,5733843.479338384,455434.35024794855,5733868.719156868,49.101049001984386,717,Unknown,10.0,24000,residential,120,supply_service,70,main_to_building,True,True,True
39,455476.4675196552,5733843.479338384,455434.35024794855,5733868.719156868,49.101049001984386,717,Unknown,10.0,24000,residential,120,return_service,40,building_to_main,True,True,True
56,455493.7362652845,5733651.94030953,455518.1623455527,5733624.328203119,36.86545561512022,805,Unknown,10.0,24000,residential,120,supply_service,70,main_to_building,True,True,True
56,455493.7362652845,5733651.94030953,455518.1623455527,5733624.328203119,36.86545561512022,805,Unknown,10.0,24000,residential,120,return_service,40,building_to_main,True,True,True
63,455504.61259055755,5733868.815997539,455526.7622399238,5733897.710498418,36.40740512690294,145,Unknown,10.0,24000,residential,120,supply_service,70,main_to_building,True,True,True
63,455504.61259055755,5733868.815997539,455526.7622399238,5733897.710498418,36.40740512690294,145,Unknown,10.0,24000,residential,120,return_service,40,building_to_main,True,True,True
85,455537.33746219595,5733928.401568821,455545.5007906316,5733937.230191066,12.024329582009477,1098,Unknown,10.0,24000,residential,120,supply_service,70,main_to_building,True,True,True
85,455537.33746219595,5733928.401568821,455545.5007906316,5733937.230191066,12.024329582009477,1098,Unknown,10.0,24000,residential,120,return_service,40,building_to_main,True,True,True
92,455541.94350789266,5733778.978744985,455575.7093833811,5733807.47522157,44.18352096952354,961,Unknown,10.0,24000,residential,120,supply_service,70,main_to_building,True,True,True
92,455541.94350789266,5733778.978744985,455575.7093833811,5733807.47522157,44.18352096952354,961,Unknown,10.0,24000,residential,120,return_service,40,building_to_main,True,True,True
109,455566.588580422,5733944.715229281,455581.53770698025,5733936.8343175715,16.899264902109234,998,Unknown,10.0,24000,residential,120,supply_service,70,main_to_building,True,True,True
109,455566.588580422,5733944.715229281,455581.53770698025,5733936.8343175715,16.899264902109234,998,Unknown,10.0,24000,residential,120,return_service,40,building_to_main,True,True,True
110,455571.9434905903,5733957.611948057,455587.8180970608,5733946.077348065,19.622694197733182,998,Unknown,10.0,24000,residential,120,supply_service,70,main_to_building,True,True,True
110,455571.9434905903,5733957.611948057,455587.8180970608,5733946.077348065,19.622694197733182,998,Unknown,10.0,24000,residential,120,return_service,40,building_to_main,True,True,True
129,455592.9613667944,5733974.440309364,455611.9180637346,5733965.852013578,20.81141954314069,998,Unknown,10.0,24000,residential,120,supply_service,70,main_to_building,True,True,True
129,455592.9613667944,5733974.440309364,455611.9180637346,5733965.852013578,20.81141954314069,998,Unknown,10.0,24000,residential,120,return_service,40,building_to_main,True,True,True
159,455619.20660485234,5733590.290113628,455647.1528010921,5733561.671888208,39.99990888056506,805,Unknown,10.0,24000,residential,120,supply_service,70,main_to_building,True,True,True
159,455619.20660485234,5733590.290113628,455647.1528010921,5733561.671888208,39.99990888056506,805,Unknown,10.0,24000,residential,120,return_service,40,building_to_main,True,True,True
165,455632.31864384905,5734008.905914023,455642.8713082458,5734027.0311691435,20.973402181549535,468,Unknown,10.0,24000,residential,120,supply_service,70,main_to_building,True,True,True
165,455632.31864384905,5734008.905914023,455642.8713082458,5734027.0311691435,20.973402181549535,468,Unknown,10.0,24000,residential,120,return_service,40,building_to_main,True,True,True
198,455664.29908761824,5733770.818533905,455702.3234306047,5733800.019999536,47.943469362835174,739,Unknown,10.0,24000,residential,120,supply_service,70,main_to_building,True,True,True
198,455664.29908761824,5733770.818533905,455702.3234306047,5733800.019999536,47.943469362835174,739,Unknown,10.0,24000,residential,120,return_service,40,building_to_main,True,True,True
200,455667.8952411267,5733844.830523587,455653.1078743674,5733839.660046751,15.66524964333223,499,Unknown,10.0,24000,residential,120,supply_service,70,main_to_building,True,True,True
200,455667.8952411267,5733844.830523587,455653.1078743674,5733839.660046751,15.66524964333223,499,Unknown,10.0,24000,residential,120,return_service,40,building_to_main,True,True,True
205,455663.92332926596,5733660.503030212,455698.1265812555,5733659.590703822,34.21541737437931,757,Unknown,10.0,24000,residential,120,supply_service,70,main_to_building,True,True,True
205,455663.92332926596,5733660.503030212,455698.1265812555,5733659.590703822,34.21541737437931,757,Unknown,10.0,24000,residential,120,return_service,40,building_to_main,True,True,True
220,455687.7608848787,5733977.498023818,455697.9027673028,5733999.797030042,24.497009157618812,1030,Unknown,10.0,24000,residential,120,supply_service,70,main_to_building,True,True,True
220,455687.7608848787,5733977.498023818,455697.9027673028,5733999.797030042,24.497009157618812,1030,Unknown,10.0,24000,residential,120,return_service,40,building_to_main,True,True,True
256,455718.80311902566,5734044.660654502,455712.0168689955,5734067.030838733,23.376876009928992,523,Unknown,10.0,24000,residential,120,supply_service,70,main_to_building,True,True,True
256,455718.80311902566,5734044.660654502,455712.0168689955,5734067.030838733,23.376876009928992,523,Unknown,10.0,24000,residential,120,return_service,40,building_to_main,True,True,True
286,455733.8996920767,5733981.518258629,455749.41773739824,5733998.087209461,22.701098261321317,1030,Unknown,10.0,24000,residential,120,supply_service,70,main_to_building,True,True,True
286,455733.8996920767,5733981.518258629,455749.41773739824,5733998.087209461,22.701098261321317,1030,Unknown,10.0,24000,residential,120,return_service,40,building_to_main,True,True,True
298,455738.15411594656,5734057.571359205,455747.09859008505,5734052.30761382,10.3783733356744,502,Unknown,10.0,24000,residential,120,supply_service,70,main_to_building,True,True,True
298,455738.15411594656,5734057.571359205,455747.09859008505,5734052.30761382,10.3783733356744,502,Unknown,10.0,24000,residential,120,return_service,40,building_to_main,True,True,True
315,455757.97351219156,5734060.510481474,455767.5961647739,5734053.451090125,11.934422857171672,907,Unknown,10.0,24000,residential,120,supply_service,70,main_to_building,True,True,True
315,455757.97351219156,5734060.510481474,455767.5961647739,5734053.451090125,11.934422857171672,907,Unknown,10.0,24000,residential,120,return_service,40,building_to_main,True,True,True
335,455767.7416066014,5733560.939198105,455807.74184755306,5733549.90507951,41.49422910900503,899,Unknown,10.0,24000,residential,120,supply_service,70,main_to_building,True,True,True
335,455767.7416066014,5733560.939198105,455807.74184755306,5733549.90507951,41.49422910900503,899,Unknown,10.0,24000,residential,120,return_service,40,building_to_main,True,True,True
349,455774.6382955322,5733867.751468795,455821.06830623886,5733877.557368377,47.45420488038516,497,Unknown,10.0,24000,residential,120,supply_service,70,main_to_building,True,True,True
349,455774.6382955322,5733867.751468795,455821.06830623886,5733877.557368377,47.45420488038516,497,Unknown,10.0,24000,residential,120,return_service,40,building_to_main,True,True,True
358,455783.83742483717,5734233.312638763,455765.13000420964,5734230.810182243,18.874052960961695,1011,Unknown,10.0,24000,residential,120,supply_service,70,main_to_building,True,True,True
358,455783.83742483717,5734233.312638763,455765.13000420964,5734230.810182243,18.874052960961695,1011,Unknown,10.0,24000,residential,120,return_service,40,building_to_main,True,True,True
362,455778.55190731265,5734092.673302132,455779.30277551414,5734080.898739522,11.798479889301962,654,Unknown,10.0,24000,residential,120,supply_service,70,main_to_building,True,True,True
362,455778.55190731265,5734092.673302132,455779.30277551414,5734080.898739522,11.798479889301962,654,Unknown,10.0,24000,residential,120,return_service,40,building_to_main,True,True,True
363,455785.664851108,5733928.174757651,455828.3528874858,5733924.986588671,42.806925505592694,248,Unknown,10.0,24000,residential,120,supply_service,70,main_to_building,True,True,True
363,455785.664851108,5733928.174757651,455828.3528874858,5733924.986588671,42.806925505592694,248,Unknown,10.0,24000,residential,120,return_service,40,building_to_main,True,True,True
365,455785.83238666586,5734100.47683339,455794.3213400813,5734085.404953895,17.298088958004453,958,Unknown,10.0,24000,residential,120,supply_service,70,main_to_building,True,True,True
365,455785.83238666586,5734100.47683339,455794.3213400813,5734085.404953895,17.298088958004453,958,Unknown,10.0,24000,residential,120,return_service,40,building_to_main,True,True,True
370,455789.17082619487,5733991.210916349,455817.2639770868,5734001.773603019,30.01325501738023,1087,Unknown,10.0,24000,residential,120,supply_service,70,main_to_building,True,True,True
370,455789.17082619487,5733991.210916349,455817.2639770868,5734001.773603019,30.01325501738023,1087,Unknown,10.0,24000,residential,120,return_service,40,building_to_main,True,True,True
372,455785.08058744814,5734182.776538184,455787.7891686074,5734172.418144699,10.70666743112059,666,Unknown,10.0,24000,residential,120,supply_service,70,main_to_building,True,True,True
372,455785.08058744814,5734182.776538184,455787.7891686074,5734172.418144699,10.70666743112059,666,Unknown,10.0,24000,residential,120,return_service,40,building_to_main,True,True,True
373,455786.10675634694,5734046.866078761,455788.4217532986,5734052.645329368,6.2256685153900095,655,Unknown,10.0,24000,residential,120,supply_service,70,main_to_building,True,True,True
373,455786.10675634694,5734046.866078761,455788.4217532986,5734052.645329368,6.2256685153900095,655,Unknown,10.0,24000,residential,120,return_service,40,building_to_main,True,True,True
374,455797.5889174171,5734252.226602672,455808.5517994681,5734232.1306317765,22.891763345857825,406,Unknown,10.0,24000,residential,120,supply_service,70,main_to_building,True,True,True
374,455797.5889174171,5734252.226602672,455808.5517994681,5734232.1306317765,22.891763345857825,406,Unknown,10.0,24000,residential,120,return_service,40,building_to_main,True,True,True
384,455791.1876368659,5734204.167142938,455773.2323261282,5734208.660805198,18.509083829216962,662,Unknown,10.0,24000,residential,120,supply_service,70,main_to_building,True,True,True
384,455791.1876368659,5734204.167142938,455773.2323261282,5734208.660805198,18.509083829216962,662,Unknown,10.0,24000,residential,120,return_service,40,building_to_main,True,True,True
391,455809.28512247454,5734271.462080273,455837.17656830855,5734258.084127825,30.93383846882271,67,Unknown,10.0,24000,residential,120,supply_service,70,main_to_building,True,True,True
391,455809.28512247454,5734271.462080273,455837.17656830855,5734258.084127825,30.93383846882271,67,Unknown,10.0,24000,residential,120,return_service,40,building_to_main,True,True,True
395,455798.8516035452,5734041.265344376,455810.5672581159,5734049.64805814,14.405778426357125,957,Unknown,10.0,24000,residential,120,supply_service,70,main_to_building,True,True,True
395,455798.8516035452,5734041.265344376,455810.5672581159,5734049.64805814,14.405778426357125,957,Unknown,10.0,24000,residential,120,return_service,40,building_to_main,True,True,True
400,455809.1824928621,5734185.818997743,455818.195417279,5734178.724651217,11.470072326015325,666,Unknown,10.0,24000,residential,120,supply_service,70,main_to_building,True,True,True
400,455809.1824928621,5734185.818997743,455818.195417279,5734178.724651217,11.470072326015325,666,Unknown,10.0,24000,residential,120,return_service,40,building_to_main,True,True,True
415,455823.41060093103,5734204.1549583515,455826.11598731985,5734183.816003567,20.51809438654789,662,Unknown,10.0,24000,residential,120,supply_service,70,main_to_building,True,True,True
415,455823.41060093103,5734204.1549583515,455826.11598731985,5734183.816003567,20.51809438654789,662,Unknown,10.0,24000,residential,120,return_service,40,building_to_main,True,True,True
422,455807.79921076517,5733499.242252918,455792.1080119887,5733491.2153564915,17.62511802184336,1018,Unknown,10.0,24000,residential,120,supply_service,70,main_to_building,True,True,True
422,455807.79921076517,5733499.242252918,455792.1080119887,5733491.2153564915,17.62511802184336,1018,Unknown,10.0,24000,residential,120,return_service,40,building_to_main,True,True,True
431,455820.71234138485,5734102.7921850635,455821.47119239805,5734084.766259576,18.041891379043616,400,Unknown,10.0,24000,residential,120,supply_service,70,main_to_building,True,True,True
431,455820.71234138485,5734102.7921850635,455821.47119239805,5734084.766259576,18.041891379043616,400,Unknown,10.0,24000,residential,120,return_service,40,building_to_main,True,True,True
444,455845.843415741,5734237.825056094,455838.8886629147,5734242.37523851,8.311001557865232,406,Unknown,10.0,24000,residential,120,supply_service,70,main_to_building,True,True,True
444,455845.843415741,5734237.825056094,455838.8886629147,5734242.37523851,8.311001557865232,406,Unknown,10.0,24000,residential,120,return_service,40,building_to_main,True,True,True
463,455835.35002249584,5733844.056967781,455854.1779794977,5733872.350842801,33.98581069374791,409,Unknown,10.0,24000,residential,120,supply_service,70,main_to_building,True,True,True
463,455835.35002249584,5733844.056967781,455854.1779794977,5733872.350842801,33.98581069374791,409,Unknown,10.0,24000,residential,120,return_service,40,building_to_main,True,True,True
468,455835.546132259,5734065.558356789,455832.6560570223,5734048.052818879,17.742502427954577,400,Unknown,10.0,24000,residential,120,supply_service,70,main_to_building,True,True,True
468,455835.546132259,5734065.558356789,455832.6560570223,5734048.052818879,17.742502427954577,400,Unknown,10.0,24000,residential,120,return_service,40,building_to_main,True,True,True
473,455872.6264567855,5734263.08702086,455900.45579768607,5734275.069692866,30.299449555425674,939,Unknown,10.0,24000,residential,120,supply_service,70,main_to_building,True,True,True
473,455872.6264567855,5734263.08702086,455900.45579768607,5734275.069692866,30.299449555425674,939,Unknown,10.0,24000,residential,120,return_service,40,building_to_main,True,True,True
478,455853.37597126473,5734251.524836562,455840.59455326205,5734246.419995466,13.76314094850348,406,Unknown,10.0,24000,residential,120,supply_service,70,main_to_building,True,True,True
478,455853.37597126473,5734251.524836562,455840.59455326205,5734246.419995466,13.76314094850348,406,Unknown,10.0,24000,residential,120,return_service,40,building_to_main,True,True,True
482,455837.97359934024,5733559.381314122,455839.6473503521,5733589.777451378,30.442184588920068,1052,Unknown,10.0,24000,residential,120,supply_service,70,main_to_building,True,True,True
482,455837.97359934024,5733559.381314122,455839.6473503521,5733589.777451378,30.442184588920068,1052,Unknown,10.0,24000,residential,120,return_service,40,building_to_main,True,True,True
489,455858.556174738,5734339.979058037,455885.6842005972,5734342.790632289,27.273333804216026,714,Unknown,10.0,24000,residential,120,supply_service,70,main_to_building,True,True,True
489,455858.556174738,5734339.979058037,455885.6842005972,5734342.790632289,27.273333804216026,714,Unknown,10.0,24000,residential,120,return_service,40,building_to_main,True,True,True
497,455850.4441961059,5733483.177018847,455857.54690738604,5733456.5508813085,27.557207909460082,1018,Unknown,10.0,24000,residential,120,supply_service,70,main_to_building,True,True,True
497,455850.4441961059,5733483.177018847,455857.54690738604,5733456.5508813085,27.557207909460082,1018,Unknown,10.0,24000,residential,120,return_service,40,building_to_main,True,True,True
499,455849.585650975,5733648.251362522,455856.2436671589,5733645.744990222,7.114146583455245,697,Unknown,10.0,24000,residential,120,supply_service,70,main_to_building,True,True,True
499,455849.585650975,5733648.251362522,455856.2436671589,5733645.744990222,7.114146583455245,697,Unknown,10.0,24000,residential,120,return_service,40,building_to_main,True,True,True
501,455858.08649955556,5734113.86002181,455875.9592437836,5734137.276137584,29.457587548461518,634,Unknown,10.0,24000,residential,120,supply_service,70,main_to_building,True,True,True
501,455858.08649955556,5734113.86002181,455875.9592437836,5734137.276137584,29.457587548461518,634,Unknown,10.0,24000,residential,120,return_service,40,building_to_main,True,True,True
511,455858.72549766814,5733740.785280902,455877.96135003946,5733715.048085245,32.13131271391026,266,Unknown,10.0,24000,residential,120,supply_service,70,main_to_building,True,True,True
511,455858.72549766814,5733740.785280902,455877.96135003946,5733715.048085245,32.13131271391026,266,Unknown,10.0,24000,residential,120,return_service,40,building_to_main,True,True,True
516,455870.2670799063,5734104.468653689,455891.31102211773,5734123.116139624,28.117187546032962,784,Unknown,10.0,24000,residential,120,supply_service,70,main_to_building,True,True,True
516,455870.2670799063,5734104.468653689,455891.31102211773,5734123.116139624,28.117187546032962,784,Unknown,10.0,24000,residential,120,return_service,40,building_to_main,True,True,True
519,455864.9319072782,5733611.887913793,455852.1730240744,5733613.725610757,12.890548116317238,1052,Unknown,10.0,24000,residential,120,supply_service,70,main_to_building,True,True,True
519,455864.9319072782,5733611.887913793,455852.1730240744,5733613.725610757,12.890548116317238,1052,Unknown,10.0,24000,residential,120,return_service,40,building_to_main,True,True,True
531,455874.247556108,5734076.871861486,455917.40690519643,5734082.535127638,43.52932341821886,401,Unknown,10.0,24000,residential,120,supply_service,70,main_to_building,True,True,True
531,455874.247556108,5734076.871861486,455917.40690519643,5734082.535127638,43.52932341821886,401,Unknown,10.0,24000,residential,120,return_service,40,building_to_main,True,True,True
540,455880.04390100826,5733637.817441941,455859.49556752644,5733628.465478596,22.576386497530688,228,Unknown,10.0,24000,residential,120,supply_service,70,main_to_building,True,True,True
540,455880.04390100826,5733637.817441941,455859.49556752644,5733628.465478596,22.576386497530688,228,Unknown,10.0,24000,residential,120,return_service,40,building_to_main,True,True,True
549,455879.2899912796,5733948.12927257,455925.5901925232,5733948.871013421,46.30614229978484,588,Unknown,10.0,24000,residential,120,supply_service,70,main_to_building,True,True,True
549,455879.2899912796,5733948.12927257,455925.5901925232,5733948.871013421,46.30614229978484,588,Unknown,10.0,24000,residential,120,return_service,40,building_to_main,True,True,True
570,455885.71461883496,5733658.883844743,455876.5383040328,5733661.361091575,9.5048148438131,356,Unknown,10.0,24000,residential,120,supply_service,70,main_to_building,True,True,True
570,455885.71461883496,5733658.883844743,455876.5383040328,5733661.361091575,9.5048148438131,356,Unknown,10.0,24000,residential,120,return_service,40,building_to_main,True,True,True
577,455894.0599995556,5734106.810021807,455903.0645148057,5734115.02722637,12.19031360176456,784,Unknown,10.0,24000,residential,120,supply_service,70,main_to_building,True,True,True
577,455894.0599995556,5734106.810021807,455903.0645148057,5734115.02722637,12.19031360176456,784,Unknown,10.0,24000,residential,120,return_service,40,building_to_main,True,True,True
603,455907.3353132055,5733718.31617392,455898.1814400712,5733704.849586196,16.283193123317297,286,Unknown,10.0,24000,residential,120,supply_service,70,main_to_building,True,True,True
603,455907.3353132055,5733718.31617392,455898.1814400712,5733704.849586196,16.283193123317297,286,Unknown,10.0,24000,residential,120,return_service,40,building_to_main,True,True,True
613,455901.01152882836,5733471.408701967,455912.6338189888,5733428.4956664955,44.45904004798396,1019,Unknown,10.0,24000,residential,120,supply_service,70,main_to_building,True,True,True
613,455901.01152882836,5733471.408701967,455912.6338189888,5733428.4956664955,44.45904004798396,1019,Unknown,10.0,24000,residential,120,return_service,40,building_to_main,True,True,True
626,455911.06073483586,5733662.827725321,455893.7363362423,5733686.002501049,28.934495272479065,1108,Unknown,10.0,24000,residential,120,supply_service,70,main_to_building,True,True,True
626,455911.06073483586,5733662.827725321,455893.7363362423,5733686.002501049,28.934495272479065,1108,Unknown,10.0,24000,residential,120,return_service,40,building_to_main,True,True,True
637,455918.43564447336,5734062.304297711,455924.9410269696,5734058.45567017,7.5585670185003595,401,Unknown,10.0,24000,residential,120,supply_service,70,main_to_building,True,True,True
637,455918.43564447336,5734062.304297711,455924.9410269696,5734058.45567017,7.5585670185003595,401,Unknown,10.0,24000,residential,120,return_service,40,building_to_main,True,True,True
643,455925.2207069699,5734389.98244724,455932.7686692792,5734412.550262391,23.796596725473318,808,Unknown,10.0,24000,residential,120,supply_service,70,main_to_building,True,True,True
643,455925.2207069699,5734389.98244724,455932.7686692792,5734412.550262391,23.796596725473318,808,Unknown,10.0,24000,residential,120,return_service,40,building_to_main,True,True,True
645,455920.77855172346,5733525.859598205,455962.5884653111,5733527.949788551,41.862128109856286,1035,Unknown,10.0,24000,residential,120,supply_service,70,main_to_building,True,True,True
645,455920.77855172346,5733525.859598205,455962.5884653111,5733527.949788551,41.862128109856286,1035,Unknown,10.0,24000,residential,120,return_service,40,building_to_main,True,True,True
686,455937.0185728057,5733811.993896916,455982.1227053648,5733812.748663199,45.11044719409197,409,Unknown,10.0,24000,residential,120,supply_service,70,main_to_building,True,True,True
686,455937.0185728057,5733811.993896916,455982.1227053648,5733812.748663199,45.11044719409197,409,Unknown,10.0,24000,residential,120,return_service,40,building_to_main,True,True,True
689,455944.9640196743,5734076.676340357,455936.7861879132,5734058.452102534,19.974978762766867,816,Unknown,10.0,24000,residential,120,supply_service,70,main_to_building,True,True,True
689,455944.9640196743,5734076.676340357,455936.7861879132,5734058.452102534,19.974978762766867,816,Unknown,10.0,24000,residential,120,return_service,40,building_to_main,True,True,True
696,455940.32458667783,5734021.565973762,455937.67682256375,5734033.229576379,11.960362904304295,660,Unknown,10.0,24000,residential,120,supply_service,70,main_to_building,True,True,True
696,455940.32458667783,5734021.565973762,455937.67682256375,5734033.229576379,11.960362904304295,660,Unknown,10.0,24000,residential,120,return_service,40,building_to_main,True,True,True
738,455960.1592872212,5733638.697115556,456008.6830595627,5733628.294544063,49.62630326683177,1108,Unknown,10.0,24000,residential,120,supply_service,70,main_to_building,True,True,True
738,455960.1592872212,5733638.697115556,456008.6830595627,5733628.294544063,49.62630326683177,1108,Unknown,10.0,24000,residential,120,return_service,40,building_to_main,True,True,True
758,455972.59064890805,5734016.126437046,456000.9916076062,5734032.675926224,32.8709605434405,660,Unknown,10.0,24000,residential,120,supply_service,70,main_to_building,True,True,True
758,455972.59064890805,5734016.126437046,456000.9916076062,5734032.675926224,32.8709605434405,660,Unknown,10.0,24000,residential,120,return_service,40,building_to_main,True,True,True
762,455975.3110865698,5734076.730819069,456010.8462143111,5734058.449657811,39.96180877450763,816,Unknown,10.0,24000,residential,120,supply_service,70,main_to_building,True,True,True
762,455975.3110865698,5734076.730819069,456010.8462143111,5734058.449657811,39.96180877450763,816,Unknown,10.0,24000,residential,120,return_service,40,building_to_main,True,True,True
790,455972.57587485516,5733384.415033819,456017.963882658,5733374.8540759,46.3840831388991,1019,Unknown,10.0,24000,residential,120,supply_service,70,main_to_building,True,True,True
790,455972.57587485516,5733384.415033819,456017.963882658,5733374.8540759,46.3840831388991,1019,Unknown,10.0,24000,residential,120,return_service,40,building_to_main,True,True,True
807,455983.31078947365,5733495.900458613,456019.06655659573,5733499.5387697555,35.94039775038063,1035,Unknown,10.0,24000,residential,120,supply_service,70,main_to_building,True,True,True
807,455983.31078947365,5733495.900458613,456019.06655659573,5733499.5387697555,35.94039775038063,1035,Unknown,10.0,24000,residential,120,return_service,40,building_to_main,True,True,True
831,456007.01450002193,5733923.140573749,456046.86111102346,5733942.550061798,44.322461964655254,322,Unknown,10.0,24000,residential,120,supply_service,70,main_to_building,True,True,True
831,456007.01450002193,5733923.140573749,456046.86111102346,5733942.550061798,44.322461964655254,322,Unknown,10.0,24000,residential,120,return_service,40,building_to_main,True,True,True
842,455996.7120378542,5733675.411150575,456027.4522835008,5733640.031697461,46.868629220525214,286,Unknown,10.0,24000,residential,120,supply_service,70,main_to_building,True,True,True
842,455996.7120378542,5733675.411150575,456027.4522835008,5733640.031697461,46.868629220525214,286,Unknown,10.0,24000,residential,120,return_service,40,building_to_main,True,True,True
850,456006.22083998774,5733584.156288781,456022.43747075554,5733623.88112646,42.907363494405544,1108,Unknown,10.0,24000,residential,120,supply_service,70,main_to_building,True,True,True
850,456006.22083998774,5733584.156288781,456022.43747075554,5733623.88112646,42.907363494405544,1108,Unknown,10.0,24000,residential,120,return_service,40,building_to_main,True,True,True
870,456021.91391631524,5733966.655415989,456031.7337216672,5733963.54794983,10.29975354472661,842,Unknown,10.0,24000,residential,120,supply_service,70,main_to_building,True,True,True
870,456021.91391631524,5733966.655415989,456031.7337216672,5733963.54794983,10.29975354472661,842,Unknown,10.0,24000,residential,120,return_service,40,building_to_main,True,True,True
896,456038.0154657116,5734106.112803603,456062.71291701146,5734124.008889416,30.49973750966945,783,Unknown,10.0,24000,residential,120,supply_service,70,main_to_building,True,True,True
896,456038.0154657116,5734106.112803603,456062.71291701146,5734124.008889416,30.49973750966945,783,Unknown,10.0,24000,residential,120,return_service,40,building_to_main,True,True,True
897,456035.94499955716,5734137.222521808,456047.60901957273,5734140.524166262,12.122302546245827,783,Unknown,10.0,24000,residential,120,supply_service,70,main_to_building,True,True,True
897,456035.94499955716,5734137.222521808,456047.60901957273,5734140.524166262,12.122302546245827,783,Unknown,10.0,24000,residential,120,return_service,40,building_to_main,True,True,True
900,456040.26786257396,5733599.371682631,456040.97158663085,5733628.45749273,29.094322068945544,1101,Unknown,10.0,24000,residential,120,supply_service,70,main_to_building,True,True,True
900,456040.26786257396,5733599.371682631,456040.97158663085,5733628.45749273,29.094322068945544,1101,Unknown,10.0,24000,residential,120,return_service,40,building_to_main,True,True,True
910,456037.847071054,5734509.375108491,456031.40979216364,5734532.711939476,24.208391932730294,807,Unknown,10.0,24000,residential,120,supply_service,70,main_to_building,True,True,True
910,456037.847071054,5734509.375108491,456031.40979216364,5734532.711939476,24.208391932730294,807,Unknown,10.0,24000,residential,120,return_service,40,building_to_main,True,True,True
912,456044.82553728425,5733647.480538412,456043.1164772865,5733632.175930496,15.399737320129258,1102,Unknown,10.0,24000,residential,120,supply_service,70,main_to_building,True,True,True
912,456044.82553728425,5733647.480538412,456043.1164772865,5733632.175930496,15.399737320129258,1102,Unknown,10.0,24000,residential,120,return_service,40,building_to_main,True,True,True
919,456040.7716174674,5733583.822061642,456070.51456603245,5733600.3600817295,34.03158970360711,222,Unknown,10.0,24000,residential,120,supply_service,70,main_to_building,True,True,True
919,456040.7716174674,5733583.822061642,456070.51456603245,5733600.3600817295,34.03158970360711,222,Unknown,10.0,24000,residential,120,return_service,40,building_to_main,True,True,True
930,456052.1775233618,5734187.393490074,456058.11809138657,5734196.256316168,10.66958456688089,776,Unknown,10.0,24000,residential,120,supply_service,70,main_to_building,True,True,True
930,456052.1775233618,5734187.393490074,456058.11809138657,5734196.256316168,10.66958456688089,776,Unknown,10.0,24000,residential,120,return_service,40,building_to_main,True,True,True
934,456057.57669138175,5734164.349601229,456072.2265591328,5734175.634423597,18.492318432313837,777,Unknown,10.0,24000,residential,120,supply_service,70,main_to_building,True,True,True
934,456057.57669138175,5734164.349601229,456072.2265591328,5734175.634423597,18.492318432313837,777,Unknown,10.0,24000,residential,120,return_service,40,building_to_main,True,True,True
948,456059.22806810634,5733413.012493691,456099.83034422493,5733402.813600829,41.8636147702465,936,Unknown,10.0,24000,residential,120,supply_service,70,main_to_building,True,True,True
948,456059.22806810634,5733413.012493691,456099.83034422493,5733402.813600829,41.8636147702465,936,Unknown,10.0,24000,residential,120,return_service,40,building_to_main,True,True,True
950,456074.99305956904,5734502.9194074,456098.0951664628,5734481.747300657,31.33632790967777,1109,Unknown,10.0,24000,residential,120,supply_service,70,main_to_building,True,True,True
950,456074.99305956904,5734502.9194074,456098.0951664628,5734481.747300657,31.33632790967777,1109,Unknown,10.0,24000,residential,120,return_service,40,building_to_main,True,True,True
953,456055.7412690418,5733658.802033709,456082.1443623413,5733647.573758596,28.691418539589336,1008,Unknown,10.0,24000,residential,120,supply_service,70,main_to_building,True,True,True
953,456055.7412690418,5733658.802033709,456082.1443623413,5733647.573758596,28.691418539589336,1008,Unknown,10.0,24000,residential,120,return_service,40,building_to_main,True,True,True
955,456071.3673928925,5734538.493391271,456059.98978792405,5734553.862138041,19.121931704589816,807,Unknown,10.0,24000,residential,120,supply_service,70,main_to_building,True,True,True
955,456071.3673928925,5734538.493391271,456059.98978792405,5734553.862138041,19.121931704589816,807,Unknown,10.0,24000,residential,120,return_service,40,building_to_main,True,True,True
956,456048.0545650437,5734596.676305545,456030.39751362783,5734589.879395301,18.92008069633818,994,Unknown,10.0,24000,residential,120,supply_service,70,main_to_building,True,True,True
956,456048.0545650437,5734596.676305545,456030.39751362783,5734589.879395301,18.92008069633818,994,Unknown,10.0,24000,residential,120,return_service,40,building_to_main,True,True,True
978,456076.9570049556,5734643.505178143,456085.87508978695,5734638.80138542,10.082554390564853,930,Unknown,10.0,24000,residential,120,supply_service,70,main_to_building,True,True,True
978,456076.9570049556,5734643.505178143,456085.87508978695,5734638.80138542,10.082554390564853,930,Unknown,10.0,24000,residential,120,return_service,40,building_to_main,True,True,True
988,456070.2798074018,5733577.156048861,456076.1387231037,5733597.741727569,21.40320212170566,764,Unknown,10.0,24000,residential,120,supply_service,70,main_to_building,True,True,True
988,456070.2798074018,5733577.156048861,456076.1387231037,5733597.741727569,21.40320212170566,764,Unknown,10.0,24000,residential,120,return_service,40,building_to_main,True,True,True
989,456076.68576866336,5734166.057099298,456080.1653776607,5734173.351789399,8.08209022778356,777,Unknown,10.0,24000,residential,120,supply_service,70,main_to_building,True,True,True
989,456076.68576866336,5734166.057099298,456080.1653776607,5734173.351789399,8.08209022778356,777,Unknown,10.0,24000,residential,120,return_service,40,building_to_main,True,True,True
991,456075.19859182066,5733685.378033988,456086.9954284879,5733650.512285018,36.8074151032238,368,Unknown,10.0,24000,residential,120,supply_service,70,main_to_building,True,True,True
991,456075.19859182066,5733685.378033988,456086.9954284879,5733650.512285018,36.8074151032238,368,Unknown,10.0,24000,residential,120,return_service,40,building_to_main,True,True,True
992,456070.77991341514,5733443.134292188,456117.37027549057,5733450.876754797,47.229308332542985,937,Unknown,10.0,24000,residential,120,supply_service,70,main_to_building,True,True,True
992,456070.77991341514,5733443.134292188,456117.37027549057,5733450.876754797,47.229308332542985,937,Unknown,10.0,24000,residential,120,return_service,40,building_to_main,True,True,True
1016,456078.6759995575,5733538.211521803,456108.74948700523,5733577.826194634,49.73667611254187,914,Unknown,10.0,24000,residential,120,supply_service,70,main_to_building,True,True,True
1016,456078.6759995575,5733538.211521803,456108.74948700523,5733577.826194634,49.73667611254187,914,Unknown,10.0,24000,residential,120,return_service,40,building_to_main,True,True,True
1034,456091.04901542875,5733713.897875351,456128.5536176711,5733741.643746788,46.65220864161774,1016,Unknown,10.0,24000,residential,120,supply_service,70,main_to_building,True,True,True
1034,456091.04901542875,5733713.897875351,456128.5536176711,5733741.643746788,46.65220864161774,1016,Unknown,10.0,24000,residential,120,return_service,40,building_to_main,True,True,True
1045,456090.8346895746,5733693.383565698,456106.17633100576,5733654.071101887,42.19994991308671,657,Unknown,10.0,24000,residential,120,supply_service,70,main_to_building,True,True,True
1045,456090.8346895746,5733693.383565698,456106.17633100576,5733654.071101887,42.19994991308671,657,Unknown,10.0,24000,residential,120,return_service,40,building_to_main,True,True,True
1057,456098.3230954266,5734184.7312695095,456099.6264458847,5734202.145084015,17.462521526135557,775,Unknown,10.0,24000,residential,120,supply_service,70,main_to_building,True,True,True
1057,456098.3230954266,5734184.7312695095,456099.6264458847,5734202.145084015,17.462521526135557,775,Unknown,10.0,24000,residential,120,return_service,40,building_to_main,True,True,True
1070,456116.28515768674,5734368.609087211,456087.8807131817,5734374.168153485,28.94331849463062,797,Unknown,10.0,24000,residential,120,supply_service,70,main_to_building,True,True,True
1070,456116.28515768674,5734368.609087211,456087.8807131817,5734374.168153485,28.94331849463062,797,Unknown,10.0,24000,residential,120,return_service,40,building_to_main,True,True,True
1071,456109.0848549069,5734350.944045011,456118.2033345806,5734324.34186903,28.12156536313961,796,Unknown,10.0,24000,residential,120,supply_service,70,main_to_building,True,True,True
1071,456109.0848549069,5734350.944045011,456118.2033345806,5734324.34186903,28.12156536313961,796,Unknown,10.0,24000,residential,120,return_service,40,building_to_main,True,True,True
1094,456114.33531614975,5733817.596713448,456162.6175540721,5733811.029555997,48.72681044126476,1016,Unknown,10.0,24000,residential,120,supply_service,70,main_to_building,True,True,True
1094,456114.33531614975,5733817.596713448,456162.6175540721,5733811.029555997,48.72681044126476,1016,Unknown,10.0,24000,residential,120,return_service,40,building_to_main,True,True,True
1099,456118.5467637279,5734678.620212472,456133.8996302571,5734676.877724224,15.451432812483118,965,Unknown,10.0,24000,residential,120,supply_service,70,main_to_building,True,True,True
1099,456118.5467637279,5734678.620212472,456133.8996302571,5734676.877724224,15.451432812483118,965,Unknown,10.0,24000,residential,120,return_service,40,building_to_main,True,True,True
1111,456119.5231951014,5733842.065751634,456161.98408936465,5733829.453930687,44.294306284427925,1016,Unknown,10.0,24000,residential,120,supply_service,70,main_to_building,True,True,True
1111,456119.5231951014,5733842.065751634,456161.98408936465,5733829.453930687,44.294306284427925,1016,Unknown,10.0,24000,residential,120,return_service,40,building_to_main,True,True,True
1127,456124.8164438207,5733607.194957339,456099.7561234447,5733590.706578853,29.998104647886663,884,Unknown,10.0,24000,residential,120,supply_service,70,main_to_building,True,True,True
1127,456124.8164438207,5733607.194957339,456099.7561234447,5733590.706578853,29.998104647886663,884,Unknown,10.0,24000,residential,120,return_service,40,building_to_main,True,True,True
1131,456126.69590946403,5734164.673510539,456113.3850162448,5734208.676401697,45.9721035904987,775,Unknown,10.0,24000,residential,120,supply_service,70,main_to_building,True,True,True
1131,456126.69590946403,5734164.673510539,456113.3850162448,5734208.676401697,45.9721035904987,775,Unknown,10.0,24000,residential,120,return_service,40,building_to_main,True,True,True
1141,456154.8052447294,5734730.287471388,456133.8849886662,5734723.514562321,21.98930219387299,800,Unknown,10.0,24000,residential,120,supply_service,70,main_to_building,True,True,True
1141,456154.8052447294,5734730.287471388,456133.8849886662,5734723.514562321,21.98930219387299,800,Unknown,10.0,24000,residential,120,return_service,40,building_to_main,True,True,True
1145,456144.13975266286,5734683.09248708,456149.5388123251,5734693.44749424,11.678014322233032,896,Unknown,10.0,24000,residential,120,supply_service,70,main_to_building,True,True,True
1145,456144.13975266286,5734683.09248708,456149.5388123251,5734693.44749424,11.678014322233032,896,Unknown,10.0,24000,residential,120,return_service,40,building_to_main,True,True,True
1162,456133.1216287959,5733499.3672407195,456165.4414103788,5733490.677060376,33.4677085556764,935,Unknown,10.0,24000,residential,120,supply_service,70,main_to_building,True,True,True
1162,456133.1216287959,5733499.3672407195,456165.4414103788,5733490.677060376,33.4677085556764,935,Unknown,10.0,24000,residential,120,return_service,40,building_to_main,True,True,True
1165,456153.6963977344,5734722.216386629,456163.457707944,5734709.832086073,15.768769047386014,800,Unknown,10.0,24000,residential,120,supply_service,70,main_to_building,True,True,True
1165,456153.6963977344,5734722.216386629,456163.457707944,5734709.832086073,15.768769047386014,800,Unknown,10.0,24000,residential,120,return_service,40,building_to_main,True,True,True
1166,456158.87415692373,5734531.176654494,456185.92487467226,5734546.636064483,31.15661547573082,614,Unknown,10.0,24000,residential,120,supply_service,70,main_to_building,True,True,True
1166,456158.87415692373,5734531.176654494,456185.92487467226,5734546.636064483,31.15661547573082,614,Unknown,10.0,24000,residential,120,return_service,40,building_to_main,True,True,True
1169,456143.0203784721,5734146.726149149,456192.29738986597,5734140.686917495,49.64570646978878,478,Unknown,10.0,24000,residential,120,supply_service,70,main_to_building,True,True,True
1169,456143.0203784721,5734146.726149149,456192.29738986597,5734140.686917495,49.64570646978878,478,Unknown,10.0,24000,residential,120,return_service,40,building_to_main,True,True,True
1174,456144.73556226905,5733876.447291341,456172.92498499405,5733859.53403864,32.874027293570975,858,Unknown,10.0,24000,residential,120,supply_service,70,main_to_building,True,True,True
1174,456144.73556226905,5733876.447291341,456172.92498499405,5733859.53403864,32.874027293570975,858,Unknown,10.0,24000,residential,120,return_service,40,building_to_main,True,True,True
1177,456147.6750542331,5734167.553937054,456130.64431141457,5734212.963874845,48.498542772924914,775,Unknown,10.0,24000,residential,120,supply_service,70,main_to_building,True,True,True
1177,456147.6750542331,5734167.553937054,456130.64431141457,5734212.963874845,48.498542772924914,775,Unknown,10.0,24000,residential,120,return_service,40,building_to_main,True,True,True
1190,456165.19327787106,5734576.547602637,456190.2597258394,5734572.847469249,25.338070187744645,711,Unknown,10.0,24000,residential,120,supply_service,70,main_to_building,True,True,True
1190,456165.19327787106,5734576.547602637,456190.2597258394,5734572.847469249,25.338070187744645,711,Unknown,10.0,24000,residential,120,return_service,40,building_to_main,True,True,True
1196,456151.38264091656,5733713.221376727,456147.68605303194,5733732.545735235,19.674745074183477,819,Unknown,10.0,24000,residential,120,supply_service,70,main_to_building,True,True,True
1196,456151.38264091656,5733713.221376727,456147.68605303194,5733732.545735235,19.674745074183477,819,Unknown,10.0,24000,residential,120,return_service,40,building_to_main,True,True,True
1202,456167.53531414346,5734739.489752693,456185.7890802486,5734722.951329841,24.631674881088305,800,Unknown,10.0,24000,residential,120,supply_service,70,main_to_building,True,True,True
1202,456167.53531414346,5734739.489752693,456185.7890802486,5734722.951329841,24.631674881088305,800,Unknown,10.0,24000,residential,120,return_service,40,building_to_main,True,True,True
1206,456157.6702609898,5733534.863846914,456184.2162826443,5733540.34245344,27.105467993487895,915,Unknown,10.0,24000,residential,120,supply_service,70,main_to_building,True,True,True
1206,456157.6702609898,5733534.863846914,456184.2162826443,5733540.34245344,27.105467993487895,915,Unknown,10.0,24000,residential,120,return_service,40,building_to_main,True,True,True
1213,456166.7199995584,5734211.64002181,456159.44546668814,5734225.270326803,15.450049925046706,775,Unknown,10.0,24000,residential,120,supply_service,70,main_to_building,True,True,True
1213,456166.7199995584,5734211.64002181,456159.44546668814,5734225.270326803,15.450049925046706,775,Unknown,10.0,24000,residential,120,return_service,40,building_to_main,True,True,True
1229,456180.4031312495,5734776.421668251,456204.21493795695,5734792.5180435525,28.741876009055837,875,Unknown,10.0,24000,residential,120,supply_service,70,main_to_building,True,True,True
1229,456180.4031312495,5734776.421668251,456204.21493795695,5734792.5180435525,28.741876009055837,875,Unknown,10.0,24000,residential,120,return_service,40,building_to_main,True,True,True
1232,456177.7907419922,5734715.937781366,456183.96409609186,5734709.931626139,8.613025104073147,800,Unknown,10.0,24000,residential,120,supply_service,70,main_to_building,True,True,True
1232,456177.7907419922,5734715.937781366,456183.96409609186,5734709.931626139,8.613025104073147,800,Unknown,10.0,24000,residential,120,return_service,40,building_to_main,True,True,True
1245,456180.66356396634,5734064.291821863,456230.0310903844,5734068.852188478,49.577712818436765,734,Unknown,10.0,24000,residential,120,supply_service,70,main_to_building,True,True,True
1245,456180.66356396634,5734064.291821863,456230.0310903844,5734068.852188478,49.577712818436765,734,Unknown,10.0,24000,residential,120,return_service,40,building_to_main,True,True,True
1250,456181.5877020761,5734084.196201762,456230.0082827451,5734078.1396761965,48.79789067415467,773,Unknown,10.0,24000,residential,120,supply_service,70,main_to_building,True,True,True
1250,456181.5877020761,5734084.196201762,456230.0082827451,5734078.1396761965,48.79789067415467,773,Unknown,10.0,24000,residential,120,return_service,40,building_to_main,True,True,True
1263,456179.97176366823,5733771.9236976905,456173.47485552425,5733795.80845138,24.75260136275776,113,Unknown,10.0,24000,residential,120,supply_service,70,main_to_building,True,True,True
1263,456179.97176366823,5733771.9236976905,456173.47485552425,5733795.80845138,24.75260136275776,113,Unknown,10.0,24000,residential,120,return_service,40,building_to_main,True,True,True
1270,456166.12807539385,5734618.686332223,456196.663021056,5734617.059351073,30.57825983036089,711,Unknown,10.0,24000,residential,120,supply_service,70,main_to_building,True,True,True
1270,456166.12807539385,5734618.686332223,456196.663021056,5734617.059351073,30.57825983036089,711,Unknown,10.0,24000,residential,120,return_service,40,building_to_main,True,True,True
1273,456191.9820225159,5733786.968338745,456183.89791647735,5733805.249729857,19.989047787162015,819,Unknown,10.0,24000,residential,120,supply_service,70,main_to_building,True,True,True
1273,456191.9820225159,5733786.968338745,456183.89791647735,5733805.249729857,19.989047787162015,819,Unknown,10.0,24000,residential,120,return_service,40,building_to_main,True,True,True
1286,456198.24709989724,5734036.415837329,456236.65972031106,5734044.458537891,39.245565856297304,735,Unknown,10.0,24000,residential,120,supply_service,70,main_to_building,True,True,True
1286,456198.24709989724,5734036.415837329,456236.65972031106,5734044.458537891,39.245565856297304,735,Unknown,10.0,24000,residential,120,return_service,40,building_to_main,True,True,True
1293,456193.515405269,5734050.515716381,456231.21465828107,5734061.278598708,39.205526570212285,734,Unknown,10.0,24000,residential,120,supply_service,70,main_to_building,True,True,True
1293,456193.515405269,5734050.515716381,456231.21465828107,5734061.278598708,39.205526570212285,734,Unknown,10.0,24000,residential,120,return_service,40,building_to_main,True,True,True
1312,456210.6075311785,5733797.144313013,456201.16091393895,5733819.336349741,24.11897741163564,34,Unknown,10.0,24000,residential,120,supply_service,70,main_to_building,True,True,True
1312,456210.6075311785,5733797.144313013,456201.16091393895,5733819.336349741,24.11897741163564,34,Unknown,10.0,24000,residential,120,return_service,40,building_to_main,True,True,True
1314,456213.82670289424,5733565.469666175,456197.43984366953,5733535.967505968,33.74769047055627,915,Unknown,10.0,24000,residential,120,supply_service,70,main_to_building,True,True,True
1314,456213.82670289424,5733565.469666175,456197.43984366953,5733535.967505968,33.74769047055627,915,Unknown,10.0,24000,residential,120,return_service,40,building_to_main,True,True,True
1322,456212.59509060334,5734192.294212979,456191.1902512473,5734234.781824511,47.57482823395248,775,Unknown,10.0,24000,residential,120,supply_service,70,main_to_building,True,True,True
1322,456212.59509060334,5734192.294212979,456191.1902512473,5734234.781824511,47.57482823395248,775,Unknown,10.0,24000,residential,120,return_service,40,building_to_main,True,True,True
1330,456238.1405735532,5734695.027481454,456234.77398548706,5734655.734545244,39.436895811552304,359,Unknown,10.0,24000,residential,120,supply_service,70,main_to_building,True,True,True
1330,456238.1405735532,5734695.027481454,456234.77398548706,5734655.734545244,39.436895811552304,359,Unknown,10.0,24000,residential,120,return_service,40,building_to_main,True,True,True
1335,456229.6418604138,5734174.775209473,456273.73824714427,5734168.074446834,44.60259569397063,478,Unknown,10.0,24000,residential,120,supply_service,70,main_to_building,True,True,True
1335,456229.6418604138,5734174.775209473,456273.73824714427,5734168.074446834,44.60259569397063,478,Unknown,10.0,24000,residential,120,return_service,40,building_to_main,True,True,True
1336,456219.7554655916,5733813.227553759,456209.1073716614,5733827.3866635775,17.71615915502094,34,Unknown,10.0,24000,residential,120,supply_service,70,main_to_building,True,True,True
1336,456219.7554655916,5733813.227553759,456209.1073716614,5733827.3866635775,17.71615915502094,34,Unknown,10.0,24000,residential,120,return_service,40,building_to_main,True,True,True
1347,456229.94464333623,5733558.357128717,456208.4682783372,5733531.611680833,34.30092179670504,915,Unknown,10.0,24000,residential,120,supply_service,70,main_to_building,True,True,True
1347,456229.94464333623,5733558.357128717,456208.4682783372,5733531.611680833,34.30092179670504,915,Unknown,10.0,24000,residential,120,return_service,40,building_to_main,True,True,True
1350,456257.0092133429,5734537.514584502,456227.485475615,5734523.161964381,32.82756149588371,968,Unknown,10.0,24000,residential,120,supply_service,70,main_to_building,True,True,True
1350,456257.0092133429,5734537.514584502,456227.485475615,5734523.161964381,32.82756149588371,968,Unknown,10.0,24000,residential,120,return_service,40,building_to_main,True,True,True
1354,456237.8618465057,5733850.404511317,456240.81863991416,5733886.783198596,36.49865087130179,34,Unknown,10.0,24000,residential,120,supply_service,70,main_to_building,True,True,True
1354,456237.8618465057,5733850.404511317,456240.81863991416,5733886.783198596,36.49865087130179,34,Unknown,10.0,24000,residential,120,return_service,40,building_to_main,True,True,True
1364,456257.7457979205,5734707.327055369,456278.4492157335,5734680.325084478,34.02554835903575,359,Unknown,10.0,24000,residential,120,supply_service,70,main_to_building,True,True,True
1364,456257.7457979205,5734707.327055369,456278.4492157335,5734680.325084478,34.02554835903575,359,Unknown,10.0,24000,residential,120,return_service,40,building_to_main,True,True,True
1372,456249.0862770156,5734222.576441272,456277.37499260536,5734224.985689713,28.391123749598226,845,Unknown,10.0,24000,residential,120,supply_service,70,main_to_building,True,True,True
1372,456249.0862770156,5734222.576441272,456277.37499260536,5734224.985689713,28.391123749598226,845,Unknown,10.0,24000,residential,120,return_service,40,building_to_main,True,True,True
1374,456243.48105600243,5733554.638621924,456226.10920249653,5733521.570418653,37.35354550543934,915,Unknown,10.0,24000,residential,120,supply_service,70,main_to_building,True,True,True
1374,456243.48105600243,5733554.638621924,456226.10920249653,5733521.570418653,37.35354550543934,915,Unknown,10.0,24000,residential,120,return_service,40,building_to_main,True,True,True
1376,456277.6167845434,5734018.642673028,456285.574037475,5734029.474291614,13.440306373820743,580,Unknown,10.0,24000,residential,120,supply_service,70,main_to_building,True,True,True
1376,456277.6167845434,5734018.642673028,456285.574037475,5734029.474291614,13.440306373820743,580,Unknown,10.0,24000,residential,120,return_service,40,building_to_main,True,True,True
1390,456249.0269636523,5733867.412552814,456254.58803593635,5733883.360178253,16.88941331370375,558,Unknown,10.0,24000,residential,120,supply_service,70,main_to_building,True,True,True
1390,456249.0269636523,5733867.412552814,456254.58803593635,5733883.360178253,16.88941331370375,558,Unknown,10.0,24000,residential,120,return_service,40,building_to_main,True,True,True
1396,456252.55973845575,5733663.962415058,456298.4907785007,5733661.374381633,46.00389501576249,878,Unknown,10.0,24000,residential,120,supply_service,70,main_to_building,True,True,True
1396,456252.55973845575,5733663.962415058,456298.4907785007,5733661.374381633,46.00389501576249,878,Unknown,10.0,24000,residential,120,return_service,40,building_to_main,True,True,True
1400,456261.6913784361,5734240.920743324,456267.3179133036,5734260.1578022875,20.04301205371411,775,Unknown,10.0,24000,residential,120,supply_service,70,main_to_building,True,True,True
1400,456261.6913784361,5734240.920743324,456267.3179133036,5734260.1578022875,20.04301205371411,775,Unknown,10.0,24000,residential,120,return_service,40,building_to_main,True,True,True
1402,456284.02683495736,5734090.142463272,456284.7402611515,5734081.323504244,8.847768943646885,629,Unknown,10.0,24000,residential,120,supply_service,70,main_to_building,True,True,True
1402,456284.02683495736,5734090.142463272,456284.7402611515,5734081.323504244,8.847768943646885,629,Unknown,10.0,24000,residential,120,return_service,40,building_to_main,True,True,True
1413,456260.2145615015,5733538.730266872,456268.5365421624,5733510.246165738,29.674894768125366,442,Unknown,10.0,24000,residential,120,supply_service,70,main_to_building,True,True,True
1413,456260.2145615015,5733538.730266872,456268.5365421624,5733510.246165738,29.674894768125366,442,Unknown,10.0,24000,residential,120,return_service,40,building_to_main,True,True,True
1429,456277.6294774759,5734718.533149838,456300.7464070872,5734706.224897176,26.189416149584634,359,Unknown,10.0,24000,residential,120,supply_service,70,main_to_building,True,True,True
1429,456277.6294774759,5734718.533149838,456300.7464070872,5734706.224897176,26.189416149584634,359,Unknown,10.0,24000,residential,120,return_service,40,building_to_main,True,True,True
1436,456276.39872303914,5733542.554232638,456284.3783288962,5733510.831590038,32.710856962104046,702,Unknown,10.0,24000,residential,120,supply_service,70,main_to_building,True,True,True
1436,456276.39872303914,5733542.554232638,456284.3783288962,5733510.831590038,32.710856962104046,702,Unknown,10.0,24000,residential,120,return_service,40,building_to_main,True,True,True
1449,456312.11566202785,5734081.184052571,456323.48306971637,5734061.956695477,22.33627583962977,629,Unknown,10.0,24000,residential,120,supply_service,70,main_to_building,True,True,True
1449,456312.11566202785,5734081.184052571,456323.48306971637,5734061.956695477,22.33627583962977,629,Unknown,10.0,24000,residential,120,return_service,40,building_to_main,True,True,True
1458,456286.5411764836,5733631.847580574,456301.98312081734,5733659.697947348,31.84488301440503,902,Unknown,10.0,24000,residential,120,supply_service,70,main_to_building,True,True,True
1458,456286.5411764836,5733631.847580574,456301.98312081734,5733659.697947348,31.84488301440503,902,Unknown,10.0,24000,residential,120,return_service,40,building_to_main,True,True,True
1473,456318.62968607375,5734008.183743863,456316.0183467347,5734008.322025942,2.614998102653397,328,Unknown,10.0,24000,residential,120,supply_service,70,main_to_building,True,True,True
1473,456318.62968607375,5734008.183743863,456316.0183467347,5734008.322025942,2.614998102653397,328,Unknown,10.0,24000,residential,120,return_service,40,building_to_main,True,True,True
1480,456317.6485430646,5734202.51958488,456328.7612090092,5734181.844833702,23.472040403079454,844,Unknown,10.0,24000,residential,120,supply_service,70,main_to_building,True,True,True
1480,456317.6485430646,5734202.51958488,456328.7612090092,5734181.844833702,23.472040403079454,844,Unknown,10.0,24000,residential,120,return_service,40,building_to_main,True,True,True
1484,456313.6400489698,5734123.911742003,456323.2313484241,5734114.9019776,13.15936471950729,449,Unknown,10.0,24000,residential,120,supply_service,70,main_to_building,True,True,True
1484,456313.6400489698,5734123.911742003,456323.2313484241,5734114.9019776,13.15936471950729,449,Unknown,10.0,24000,residential,120,return_service,40,building_to_main,True,True,True
1507,456316.6012327729,5733723.387629792,456352.18102706416,5733746.952343152,42.67572468671657,683,Unknown,10.0,24000,residential,120,supply_service,70,main_to_building,True,True,True
1507,456316.6012327729,5733723.387629792,456352.18102706416,5733746.952343152,42.67572468671657,683,Unknown,10.0,24000,residential,120,return_service,40,building_to_main,True,True,True
1515,456330.66661583213,5733599.116270601,456369.0730674924,5733626.627439765,47.24320012368885,457,Unknown,10.0,24000,residential,120,supply_service,70,main_to_building,True,True,True
1515,456330.66661583213,5733599.116270601,456369.0730674924,5733626.627439765,47.24320012368885,457,Unknown,10.0,24000,residential,120,return_service,40,building_to_main,True,True,True
1516,456325.50277954625,5734247.930531654,456335.60861993796,5734278.951623457,32.625697642678716,775,Unknown,10.0,24000,residential,120,supply_service,70,main_to_building,True,True,True
1516,456325.50277954625,5734247.930531654,456335.60861993796,5734278.951623457,32.625697642678716,775,Unknown,10.0,24000,residential,120,return_service,40,building_to_main,True,True,True
1523,456334.4954857175,5733775.637716285,456356.1617295187,5733752.245515739,31.884497280849732,683,Unknown,10.0,24000,residential,120,supply_service,70,main_to_building,True,True,True
1523,456334.4954857175,5733775.637716285,456356.1617295187,5733752.245515739,31.884497280849732,683,Unknown,10.0,24000,residential,120,return_service,40,building_to_main,True,True,True
1528,456340.99785462994,5734164.676402747,456348.3876985325,5734164.6016046,7.390222436892491,449,Unknown,10.0,24000,residential,120,supply_service,70,main_to_building,True,True,True
1528,456340.99785462994,5734164.676402747,456348.3876985325,5734164.6016046,7.390222436892491,449,Unknown,10.0,24000,residential,120,return_service,40,building_to_main,True,True,True
1530,456371.09163672023,5734716.792202052,456357.06071963476,5734688.118322661,31.922687755969495,986,Unknown,10.0,24000,residential,120,supply_service,70,main_to_building,True,True,True
1530,456371.09163672023,5734716.792202052,456357.06071963476,5734688.118322661,31.922687755969495,986,Unknown,10.0,24000,residential,120,return_service,40,building_to_main,True,True,True
1544,456334.8312445765,5733982.47222281,456326.0318555378,5733991.317844231,12.476949377876439,1076,Unknown,10.0,24000,residential,120,supply_service,70,main_to_building,True,True,True
1544,456334.8312445765,5733982.47222281,456326.0318555378,5733991.317844231,12.476949377876439,1076,Unknown,10.0,24000,residential,120,return_service,40,building_to_main,True,True,True
1549,456361.0548032615,5734748.118064162,456354.33046386536,5734781.593321562,34.14395405157886,762,Unknown,10.0,24000,residential,120,supply_service,70,main_to_building,True,True,True
1549,456361.0548032615,5734748.118064162,456354.33046386536,5734781.593321562,34.14395405157886,762,Unknown,10.0,24000,residential,120,return_service,40,building_to_main,True,True,True
1553,456348.0997834431,5734268.03022103,456352.093140382,5734279.909818562,12.53282638335519,775,Unknown,10.0,24000,residential,120,supply_service,70,main_to_building,True,True,True
1553,456348.0997834431,5734268.03022103,456352.093140382,5734279.909818562,12.53282638335519,775,Unknown,10.0,24000,residential,120,return_service,40,building_to_main,True,True,True
1558,456352.1463734068,5734211.040023556,456337.76495073474,5734177.384482982,36.59946351278873,1067,Unknown,10.0,24000,residential,120,supply_service,70,main_to_building,True,True,True
1558,456352.1463734068,5734211.040023556,456337.76495073474,5734177.384482982,36.59946351278873,1067,Unknown,10.0,24000,residential,120,return_service,40,building_to_main,True,True,True
1560,456352.98460198013,5733973.651065529,456349.5629734482,5734005.561927239,32.093778787965434,1076,Unknown,10.0,24000,residential,120,supply_service,70,main_to_building,True,True,True
1560,456352.98460198013,5733973.651065529,456349.5629734482,5734005.561927239,32.093778787965434,1076,Unknown,10.0,24000,residential,120,return_service,40,building_to_main,True,True,True
1582,456356.59383010055,5733702.741614296,456363.3600321561,5733738.50246884,36.39533222794108,902,Unknown,10.0,24000,residential,120,supply_service,70,main_to_building,True,True,True
1582,456356.59383010055,5733702.741614296,456363.3600321561,5733738.50246884,36.39533222794108,902,Unknown,10.0,24000,residential,120,return_service,40,building_to_main,True,True,True
1587,456359.6736385795,5733687.817890798,456403.4307550562,5733672.833014946,46.2518296571706,384,Unknown,10.0,24000,residential,120,supply_service,70,main_to_building,True,True,True
1587,456359.6736385795,5733687.817890798,456403.4307550562,5733672.833014946,46.2518296571706,384,Unknown,10.0,24000,residential,120,return_service,40,building_to_main,True,True,True
1588,456362.93942666915,5734208.217046275,456345.1672679247,5734173.716608003,38.80888902557828,252,Unknown,10.0,24000,residential,120,supply_service,70,main_to_building,True,True,True
1588,456362.93942666915,5734208.217046275,456345.1672679247,5734173.716608003,38.80888902557828,252,Unknown,10.0,24000,residential,120,return_service,40,building_to_main,True,True,True
1602,456370.88111955585,5733809.302057015,456409.34853660525,5733805.406369522,38.66417664313969,563,Unknown,10.0,24000,residential,120,supply_service,70,main_to_building,True,True,True
1602,456370.88111955585,5733809.302057015,456409.34853660525,5733805.406369522,38.66417664313969,563,Unknown,10.0,24000,residential,120,return_service,40,building_to_main,True,True,True
1609,456399.614722572,5734113.007977203,456388.7438116546,5734105.213677155,13.37639029806799,114,Unknown,10.0,24000,residential,120,supply_service,70,main_to_building,True,True,True
1609,456399.614722572,5734113.007977203,456388.7438116546,5734105.213677155,13.37639029806799,114,Unknown,10.0,24000,residential,120,return_service,40,building_to_main,True,True,True
1613,456376.7375791575,5734012.883896756,456354.4415736467,5734025.273193429,25.506989900750487,292,Unknown,10.0,24000,residential,120,supply_service,70,main_to_building,True,True,True
1613,456376.7375791575,5734012.883896756,456354.4415736467,5734025.273193429,25.506989900750487,292,Unknown,10.0,24000,residential,120,return_service,40,building_to_main,True,True,True
1622,456384.34666333045,5733923.502978072,456426.1380664829,5733920.41222688,41.90553806335741,721,Unknown,10.0,24000,residential,120,supply_service,70,main_to_building,True,True,True
1622,456384.34666333045,5733923.502978072,456426.1380664829,5733920.41222688,41.90553806335741,721,Unknown,10.0,24000,residential,120,return_service,40,building_to_main,True,True,True
1628,456387.32226895844,5734244.317557825,456363.9886216225,5734284.978673055,46.88054382950587,775,Unknown,10.0,24000,residential,120,supply_service,70,main_to_building,True,True,True
1628,456387.32226895844,5734244.317557825,456363.9886216225,5734284.978673055,46.88054382950587,775,Unknown,10.0,24000,residential,120,return_service,40,building_to_main,True,True,True
1632,456390.633399444,5734234.486081015,456423.82341284776,5734204.912341237,44.45428071866872,977,Unknown,10.0,24000,residential,120,supply_service,70,main_to_building,True,True,True
1632,456390.633399444,5734234.486081015,456423.82341284776,5734204.912341237,44.45428071866872,977,Unknown,10.0,24000,residential,120,return_service,40,building_to_main,True,True,True
1642,456399.3608878403,5734083.893999284,456386.9814738291,5734089.824282032,13.726548901145584,292,Unknown,10.0,24000,residential,120,supply_service,70,main_to_building,True,True,True
1642,456399.3608878403,5734083.893999284,456386.9814738291,5734089.824282032,13.726548901145584,292,Unknown,10.0,24000,residential,120,return_service,40,building_to_main,True,True,True
1658,456402.73536527704,5733600.392944329,456397.7196806416,5733612.798770865,13.381390974172158,1026,Unknown,10.0,24000,residential,120,supply_service,70,main_to_building,True,True,True
1658,456402.73536527704,5733600.392944329,456397.7196806416,5733612.798770865,13.381390974172158,1026,Unknown,10.0,24000,residential,120,return_service,40,building_to_main,True,True,True
1660,456415.00228704064,5734074.031954569,456416.37107808795,5734091.160323195,17.182974152668653,114,Unknown,10.0,24000,residential,120,supply_service,70,main_to_building,True,True,True
1660,456415.00228704064,5734074.031954569,456416.37107808795,5734091.160323195,17.182974152668653,114,Unknown,10.0,24000,residential,120,return_service,40,building_to_main,True,True,True
1661,456417.9350578498,5734136.105294574,456404.7801689346,5734136.462495407,13.159737641992987,117,Unknown,10.0,24000,residential,120,supply_service,70,main_to_building,True,True,True
1661,456417.9350578498,5734136.105294574,456404.7801689346,5734136.462495407,13.159737641992987,117,Unknown,10.0,24000,residential,120,return_service,40,building_to_main,True,True,True
1663,456403.4657736307,5734025.911851861,456428.0234672108,5734054.5331985075,37.71288636338504,1076,Unknown,10.0,24000,residential,120,supply_service,70,main_to_building,True,True,True
1663,456403.4657736307,5734025.911851861,456428.0234672108,5734054.5331985075,37.71288636338504,1076,Unknown,10.0,24000,residential,120,return_service,40,building_to_main,True,True,True
1665,456402.6558242834,5733763.850840354,456413.6497383993,5733803.077905145,40.73854145207319,626,Unknown,10.0,24000,residential,120,supply_service,70,main_to_building,True,True,True
1665,456402.6558242834,5733763.850840354,456413.6497383993,5733803.077905145,40.73854145207319,626,Unknown,10.0,24000,residential,120,return_service,40,building_to_main,True,True,True
1673,456413.25029380893,5733953.38397075,456445.3594541093,5733958.329350943,32.487766319775076,535,Unknown,10.0,24000,residential,120,supply_service,70,main_to_building,True,True,True
1673,456413.25029380893,5733953.38397075,456445.3594541093,5733958.329350943,32.487766319775076,535,Unknown,10.0,24000,residential,120,return_service,40,building_to_main,True,True,True
1678,456407.064587759,5733643.272159301,456406.70756619755,5733662.204915229,18.9361218691421,1027,Unknown,10.0,24000,residential,120,supply_service,70,main_to_building,True,True,True
1678,456407.064587759,5733643.272159301,456406.70756619755,5733662.204915229,18.9361218691421,1027,Unknown,10.0,24000,residential,120,return_service,40,building_to_main,True,True,True
1679,456422.7601655425,5733672.926000969,456406.57991837786,5733668.990738987,16.65192737108222,1027,Unknown,10.0,24000,residential,120,supply_service,70,main_to_building,True,True,True
1679,456422.7601655425,5733672.926000969,456406.57991837786,5733668.990738987,16.65192737108222,1027,Unknown,10.0,24000,residential,120,return_service,40,building_to_main,True,True,True
1686,456423.79390972137,5733761.397206327,456441.57791937876,5733787.698539276,31.749505734328476,626,Unknown,10.0,24000,residential,120,supply_service,70,main_to_building,True,True,True
1686,456423.79390972137,5733761.397206327,456441.57791937876,5733787.698539276,31.749505734328476,626,Unknown,10.0,24000,residential,120,return_service,40,building_to_main,True,True,True
1689,456425.5820062196,5734001.609684875,456447.67583805654,5734021.829879689,29.949852813444974,1074,Unknown,10.0,24000,residential,120,supply_service,70,main_to_building,True,True,True
1689,456425.5820062196,5734001.609684875,456447.67583805654,5734021.829879689,29.949852813444974,1074,Unknown,10.0,24000,residential,120,return_service,40,building_to_main,True,True,True
1692,456443.0897900149,5734720.343282454,456466.39116483286,5734694.979697517,34.44220534813736,986,Unknown,10.0,24000,residential,120,supply_service,70,main_to_building,True,True,True
1692,456443.0897900149,5734720.343282454,456466.39116483286,5734694.979697517,34.44220534813736,986,Unknown,10.0,24000,residential,120,return_service,40,building_to_main,True,True,True
1712,456436.56614977896,5733870.828934142,456477.86308437615,5733894.182960672,47.4430960444824,721,Unknown,10.0,24000,residential,120,supply_service,70,main_to_building,True,True,True
1712,456436.56614977896,5733870.828934142,456477.86308437615,5733894.182960672,47.4430960444824,721,Unknown,10.0,24000,residential,120,return_service,40,building_to_main,True,True,True
1713,456415.9092392894,5733566.1076816525,456419.4104782026,5733539.447290211,26.889312853695333,947,Unknown,10.0,24000,residential,120,supply_service,70,main_to_building,True,True,True
1713,456415.9092392894,5733566.1076816525,456419.4104782026,5733539.447290211,26.889312853695333,947,Unknown,10.0,24000,residential,120,return_service,40,building_to_main,True,True,True
1723,456450.91346453765,5734133.972196984,456432.29085890733,5734137.670301647,18.98624287633926,117,Unknown,10.0,24000,residential,120,supply_service,70,main_to_building,True,True,True
1723,456450.91346453765,5734133.972196984,456432.29085890733,5734137.670301647,18.98624287633926,117,Unknown,10.0,24000,residential,120,return_service,40,building_to_main,True,True,True
1724,456440.39068931673,5734049.562811892,456440.8995923723,5734061.996212522,12.443811053955239,1075,Unknown,10.0,24000,residential,120,supply_service,70,main_to_building,True,True,True
1724,456440.39068931673,5734049.562811892,456440.8995923723,5734061.996212522,12.443811053955239,1075,Unknown,10.0,24000,residential,120,return_service,40,building_to_main,True,True,True
1728,456453.08084171783,5734169.693062774,456475.12418709154,5734180.254937931,24.443041588512834,533,Unknown,10.0,24000,residential,120,supply_service,70,main_to_building,True,True,True
1728,456453.08084171783,5734169.693062774,456475.12418709154,5734180.254937931,24.443041588512834,533,Unknown,10.0,24000,residential,120,return_service,40,building_to_main,True,True,True
1735,456448.9314487508,5733985.364912518,456465.4009834531,5734000.12120605,22.113203569327773,320,Unknown,10.0,24000,residential,120,supply_service,70,main_to_building,True,True,True
1735,456448.9314487508,5733985.364912518,456465.4009834531,5734000.12120605,22.113203569327773,320,Unknown,10.0,24000,residential,120,return_service,40,building_to_main,True,True,True
1750,456457.2083650458,5734611.5590843,456424.2433782868,5734634.626584987,40.23431296760955,727,Unknown,10.0,24000,residential,120,supply_service,70,main_to_building,True,True,True
1750,456457.2083650458,5734611.5590843,456424.2433782868,5734634.626584987,40.23431296760955,727,Unknown,10.0,24000,residential,120,return_service,40,building_to_main,True,True,True
1751,456454.8552633166,5733765.19360353,456475.0918833298,5733769.234609032,20.63614583756619,343,Unknown,10.0,24000,residential,120,supply_service,70,main_to_building,True,True,True
1751,456454.8552633166,5733765.19360353,456475.0918833298,5733769.234609032,20.63614583756619,343,Unknown,10.0,24000,residential,120,return_service,40,building_to_main,True,True,True
1758,456512.1890359997,5734844.744880682,456498.8042482329,5734888.464694444,45.72280239624681,762,Unknown,10.0,24000,residential,120,supply_service,70,main_to_building,True,True,True
1758,456512.1890359997,5734844.744880682,456498.8042482329,5734888.464694444,45.72280239624681,762,Unknown,10.0,24000,residential,120,return_service,40,building_to_main,True,True,True
1777,456475.760877951,5733854.309325127,456481.8271717447,5733891.990937174,38.16678931846523,1091,Unknown,10.0,24000,residential,120,supply_service,70,main_to_building,True,True,True
1777,456475.760877951,5733854.309325127,456481.8271717447,5733891.990937174,38.16678931846523,1091,Unknown,10.0,24000,residential,120,return_service,40,building_to_main,True,True,True
1781,456485.7566662279,5733973.854582637,456488.2373006566,5733987.533362454,13.901890679187861,691,Unknown,10.0,24000,residential,120,supply_service,70,main_to_building,True,True,True
1781,456485.7566662279,5733973.854582637,456488.2373006566,5733987.533362454,13.901890679187861,691,Unknown,10.0,24000,residential,120,return_service,40,building_to_main,True,True,True
1782,456489.48198469885,5734500.136138113,456447.9376785788,5734500.562211088,41.54649093700401,810,Unknown,10.0,24000,residential,120,supply_service,70,main_to_building,True,True,True
1782,456489.48198469885,5734500.136138113,456447.9376785788,5734500.562211088,41.54649093700401,810,Unknown,10.0,24000,residential,120,return_service,40,building_to_main,True,True,True
1787,456494.6851185688,5734501.145968333,456505.3424233405,5734459.746883577,42.74882879849268,810,Unknown,10.0,24000,residential,120,supply_service,70,main_to_building,True,True,True
1787,456494.6851185688,5734501.145968333,456505.3424233405,5734459.746883577,42.74882879849268,810,Unknown,10.0,24000,residential,120,return_service,40,building_to_main,True,True,True
1805,456496.5046661713,5734135.97384186,456490.39800687344,5734116.958276048,19.9720562516216,860,Unknown,10.0,24000,residential,120,supply_service,70,main_to_building,True,True,True
1805,456496.5046661713,5734135.97384186,456490.39800687344,5734116.958276048,19.9720562516216,860,Unknown,10.0,24000,residential,120,return_service,40,building_to_main,True,True,True
1806,456499.1373220226,5734143.176065771,456502.25987519574,5734116.510992381,26.84728062988209,860,Unknown,10.0,24000,residential,120,supply_service,70,main_to_building,True,True,True
1806,456499.1373220226,5734143.176065771,456502.25987519574,5734116.510992381,26.84728062988209,860,Unknown,10.0,24000,residential,120,return_service,40,building_to_main,True,True,True
1810,456503.4411860573,5734183.776279006,456487.4871640417,5734205.062475017,26.601371376242565,570,Unknown,10.0,24000,residential,120,supply_service,70,main_to_building,True,True,True
1810,456503.4411860573,5734183.776279006,456487.4871640417,5734205.062475017,26.601371376242565,570,Unknown,10.0,24000,residential,120,return_service,40,building_to_main,True,True,True
1826,456512.20877355983,5734006.361793537,456519.2249904312,5734008.398421058,7.3058299219620455,601,Unknown,10.0,24000,residential,120,supply_service,70,main_to_building,True,True,True
1826,456512.20877355983,5734006.361793537,456519.2249904312,5734008.398421058,7.3058299219620455,601,Unknown,10.0,24000,residential,120,return_service,40,building_to_main,True,True,True
1828,456516.5319436411,5734194.340383862,456535.25155043014,5734184.907493879,20.961943892911368,973,Unknown,10.0,24000,residential,120,supply_service,70,main_to_building,True,True,True
1828,456516.5319436411,5734194.340383862,456535.25155043014,5734184.907493879,20.961943892911368,973,Unknown,10.0,24000,residential,120,return_service,40,building_to_main,True,True,True
1832,456510.53865146777,5733707.465704663,456494.116757398,5733694.093515378,21.177678132733575,949,Unknown,10.0,24000,residential,120,supply_service,70,main_to_building,True,True,True
1832,456510.53865146777,5733707.465704663,456494.116757398,5733694.093515378,21.177678132733575,949,Unknown,10.0,24000,residential,120,return_service,40,building_to_main,True,True,True
1848,456525.0339272337,5733971.762942808,456521.4992055473,5734007.96725121,36.376451232251625,601,Unknown,10.0,24000,residential,120,supply_service,70,main_to_building,True,True,True
1848,456525.0339272337,5733971.762942808,456521.4992055473,5734007.96725121,36.376451232251625,601,Unknown,10.0,24000,residential,120,return_service,40,building_to_main,True,True,True
1852,456528.3183620574,5733911.593100001,456570.08527527656,5733893.965095564,45.33455172713696,186,Unknown,10.0,24000,residential,120,supply_service,70,main_to_building,True,True,True
1852,456528.3183620574,5733911.593100001,456570.08527527656,5733893.965095564,45.33455172713696,186,Unknown,10.0,24000,residential,120,return_service,40,building_to_main,True,True,True
1856,456531.2850547068,5734264.114050719,456535.097769199,5734284.633118006,20.870287830927445,1105,Unknown,10.0,24000,residential,120,supply_service,70,main_to_building,True,True,True
1856,456531.2850547068,5734264.114050719,456535.097769199,5734284.633118006,20.870287830927445,1105,Unknown,10.0,24000,residential,120,return_service,40,building_to_main,True,True,True
1858,456528.43469354435,5734060.266216187,456540.148051867,5734033.254520248,29.442052929488746,987,Unknown,10.0,24000,residential,120,supply_service,70,main_to_building,True,True,True
1858,456528.43469354435,5734060.266216187,456540.148051867,5734033.254520248,29.442052929488746,987,Unknown,10.0,24000,residential,120,return_service,40,building_to_main,True,True,True
1859,456527.71138450893,5734248.062944152,456526.6577260837,5734226.4685950205,21.62003955843466,972,Unknown,10.0,24000,residential,120,supply_service,70,main_to_building,True,True,True
1859,456527.71138450893,5734248.062944152,456526.6577260837,5734226.4685950205,21.62003955843466,972,Unknown,10.0,24000,residential,120,return_service,40,building_to_main,True,True,True
1865,456537.3273779679,5734072.87334363,456543.1090961283,5734108.405891846,35.999864550040186,926,Unknown,10.0,24000,residential,120,supply_service,70,main_to_building,True,True,True
1865,456537.3273779679,5734072.87334363,456543.1090961283,5734108.405891846,35.999864550040186,926,Unknown,10.0,24000,residential,120,return_service,40,building_to_main,True,True,True
1876,456541.0696504455,5733806.518657985,456550.7202702714,5733792.917505654,16.67710429814377,505,Unknown,10.0,24000,residential,120,supply_service,70,main_to_building,True,True,True
1876,456541.0696504455,5733806.518657985,456550.7202702714,5733792.917505654,16.67710429814377,505,Unknown,10.0,24000,residential,120,return_service,40,building_to_main,True,True,True
1878,456551.8907176351,5733951.796810557,456592.8398057904,5733923.855226435,49.57378282940688,651,Unknown,10.0,24000,residential,120,supply_service,70,main_to_building,True,True,True
1878,456551.8907176351,5733951.796810557,456592.8398057904,5733923.855226435,49.57378282940688,651,Unknown,10.0,24000,residential,120,return_service,40,building_to_main,True,True,True
1881,456561.7486315961,5734669.6382412,456575.84679767425,5734681.988695657,18.742785600444517,986,Unknown,10.0,24000,residential,120,supply_service,70,main_to_building,True,True,True
1881,456561.7486315961,5734669.6382412,456575.84679767425,5734681.988695657,18.742785600444517,986,Unknown,10.0,24000,residential,120,return_service,40,building_to_main,True,True,True
1891,456545.0009014752,5734004.549640112,456566.37978828803,5734009.370642772,21.915721936698677,723,Unknown,10.0,24000,residential,120,supply_service,70,main_to_building,True,True,True
1891,456545.0009014752,5734004.549640112,456566.37978828803,5734009.370642772,21.915721936698677,723,Unknown,10.0,24000,residential,120,return_service,40,building_to_main,True,True,True
1901,456569.0656416499,5734036.656839911,456574.30022412434,5734012.906016095,24.320824115026667,214,Unknown,10.0,24000,residential,120,supply_service,70,main_to_building,True,True,True
1901,456569.0656416499,5734036.656839911,456574.30022412434,5734012.906016095,24.320824115026667,214,Unknown,10.0,24000,residential,120,return_service,40,building_to_main,True,True,True
1912,456575.80469270796,5734072.716780212,456617.2594800111,5734068.526323524,41.66604513990531,214,Unknown,10.0,24000,residential,120,supply_service,70,main_to_building,True,True,True
1912,456575.80469270796,5734072.716780212,456617.2594800111,5734068.526323524,41.66604513990531,214,Unknown,10.0,24000,residential,120,return_service,40,building_to_main,True,True,True
1918,456578.07692059095,5734268.006010627,456599.9213611281,5734288.133640037,29.703552784629558,1105,Unknown,10.0,24000,residential,120,supply_service,70,main_to_building,True,True,True
1918,456578.07692059095,5734268.006010627,456599.9213611281,5734288.133640037,29.703552784629558,1105,Unknown,10.0,24000,residential,120,return_service,40,building_to_main,True,True,True
1922,456572.58469787176,5734218.136065988,456603.0588922535,5734183.666380512,46.00908323417228,925,Unknown,10.0,24000,residential,120,supply_service,70,main_to_building,True,True,True
1922,456572.58469787176,5734218.136065988,456603.0588922535,5734183.666380512,46.00908323417228,925,Unknown,10.0,24000,residential,120,return_service,40,building_to_main,True,True,True
1923,456575.1076733989,5734049.175095931,456580.51739636756,5734013.441893739,36.14037688641214,678,Unknown,10.0,24000,residential,120,supply_service,70,main_to_building,True,True,True
1923,456575.1076733989,5734049.175095931,456580.51739636756,5734013.441893739,36.14037688641214,678,Unknown,10.0,24000,residential,120,return_service,40,building_to_main,True,True,True
1931,456591.9217036599,5733965.356700682,456619.84592174046,5733959.31456264,28.57042854998837,653,Unknown,10.0,24000,residential,120,supply_service,70,main_to_building,True,True,True
1931,456591.9217036599,5733965.356700682,456619.84592174046,5733959.31456264,28.57042854998837,653,Unknown,10.0,24000,residential,120,return_service,40,building_to_main,True,True,True
1959,456616.39110832906,5733482.218805746,456602.5585854339,5733513.652079779,34.34223938608456,946,Unknown,10.0,24000,residential,120,supply_service,70,main_to_building,True,True,True
1959,456616.39110832906,5733482.218805746,456602.5585854339,5733513.652079779,34.34223938608456,946,Unknown,10.0,24000,residential,120,return_service,40,building_to_main,True,True,True
1968,456618.5395112226,5734222.31221779,456635.73180513084,5734244.914506836,28.39785977767731,972,Unknown,10.0,24000,residential,120,supply_service,70,main_to_building,True,True,True
1968,456618.5395112226,5734222.31221779,456635.73180513084,5734244.914506836,28.39785977767731,972,Unknown,10.0,24000,residential,120,return_service,40,building_to_main,True,True,True
1972,456601.1176493991,5733978.273242974,456614.58063579537,5733986.743493151,15.905883841227801,653,Unknown,10.0,24000,residential,120,supply_service,70,main_to_building,True,True,True
1972,456601.1176493991,5733978.273242974,456614.58063579537,5733986.743493151,15.905883841227801,653,Unknown,10.0,24000,residential,120,return_service,40,building_to_main,True,True,True
1976,456624.67218150536,5734274.772496764,456641.6047637132,5734291.27809189,23.64628957563765,296,Unknown,10.0,24000,residential,120,supply_service,70,main_to_building,True,True,True
1976,456624.67218150536,5734274.772496764,456641.6047637132,5734291.27809189,23.64628957563765,296,Unknown,10.0,24000,residential,120,return_service,40,building_to_main,True,True,True
1981,456627.2180640684,5734025.994904824,456617.0452498239,5733988.379509151,38.96670554795769,678,Unknown,10.0,24000,residential,120,supply_service,70,main_to_building,True,True,True
1981,456627.2180640684,5734025.994904824,456617.0452498239,5733988.379509151,38.96670554795769,678,Unknown,10.0,24000,residential,120,return_service,40,building_to_main,True,True,True
2010,456653.9896765319,5734273.208876687,456661.61404227593,5734292.774193374,20.998394464201457,393,Unknown,10.0,24000,residential,120,supply_service,70,main_to_building,True,True,True
2010,456653.9896765319,5734273.208876687,456661.61404227593,5734292.774193374,20.998394464201457,393,Unknown,10.0,24000,residential,120,return_service,40,building_to_main,True,True,True
2014,456632.76217554027,5733637.938510866,456651.29871601897,5733616.460053278,28.371243773726153,933,Unknown,10.0,24000,residential,120,supply_service,70,main_to_building,True,True,True
2014,456632.76217554027,5733637.938510866,456651.29871601897,5733616.460053278,28.371243773726153,933,Unknown,10.0,24000,residential,120,return_service,40,building_to_main,True,True,True
2024,456683.5005255724,5734198.030045005,456708.1470443993,5734185.62020529,27.59447430253554,645,Unknown,10.0,24000,residential,120,supply_service,70,main_to_building,True,True,True
2024,456683.5005255724,5734198.030045005,456708.1470443993,5734185.62020529,27.59447430253554,645,Unknown,10.0,24000,residential,120,return_service,40,building_to_main,True,True,True
2029,456693.6215554408,5734224.6863254225,456690.33122622134,5734251.396114037,26.911690289247304,441,Unknown,10.0,24000,residential,120,supply_service,70,main_to_building,True,True,True
2029,456693.6215554408,5734224.6863254225,456690.33122622134,5734251.396114037,26.911690289247304,441,Unknown,10.0,24000,residential,120,return_service,40,building_to_main,True,True,True
2031,456699.9896445901,5734295.003482463,456706.6381044926,5734323.207268103,28.976810444091072,746,Unknown,10.0,24000,residential,120,supply_service,70,main_to_building,True,True,True
2031,456699.9896445901,5734295.003482463,456706.6381044926,5734323.207268103,28.976810444091072,746,Unknown,10.0,24000,residential,120,return_service,40,building_to_main,True,True,True
2044,456719.2430193949,5734294.064843491,456717.2482893031,5734324.951255688,30.950757770803587,746,Unknown,10.0,24000,residential,120,supply_service,70,main_to_building,True,True,True
2044,456719.2430193949,5734294.064843491,456717.2482893031,5734324.951255688,30.950757770803587,746,Unknown,10.0,24000,residential,120,return_service,40,building_to_main,True,True,True
2045,456716.5959325021,5734143.952538347,456733.7445486512,5734124.88272183,25.646304564398978,677,Unknown,10.0,24000,residential,120,supply_service,70,main_to_building,True,True,True
2045,456716.5959325021,5734143.952538347,456733.7445486512,5734124.88272183,25.646304564398978,677,Unknown,10.0,24000,residential,120,return_service,40,building_to_main,True,True,True
2047,456714.75830117427,5734221.015869991,456722.8709460292,5734192.122632683,30.01056761641595,271,Unknown,10.0,24000,residential,120,supply_service,70,main_to_building,True,True,True
2047,456714.75830117427,5734221.015869991,456722.8709460292,5734192.122632683,30.01056761641595,271,Unknown,10.0,24000,residential,120,return_service,40,building_to_main,True,True,True
2050,456728.3166621283,5734277.937087949,456764.32158572663,5734258.912989941,40.72187162123494,441,Unknown,10.0,24000,residential,120,supply_service,70,main_to_building,True,True,True
2050,456728.3166621283,5734277.937087949,456764.32158572663,5734258.912989941,40.72187162123494,441,Unknown,10.0,24000,residential,120,return_service,40,building_to_main,True,True,True
2052,456727.26433152624,5734157.4409709135,456743.23402504524,5734160.037230182,16.179359483067305,920,Unknown,10.0,24000,residential,120,supply_service,70,main_to_building,True,True,True
2052,456727.26433152624,5734157.4409709135,456743.23402504524,5734160.037230182,16.179359483067305,920,Unknown,10.0,24000,residential,120,return_service,40,building_to_main,True,True,True
2059,456759.5203917394,5734182.114509755,456762.20536323986,5734162.788373604,19.511755699118442,271,Unknown,10.0,24000,residential,120,supply_service,70,main_to_building,True,True,True
2059,456759.5203917394,5734182.114509755,456762.20536323986,5734162.788373604,19.511755699118442,271,Unknown,10.0,24000,residential,120,return_service,40,building_to_main,True,True,True
2064,456766.23697930627,5734211.561401457,456774.0678131683,5734257.29440358,46.39859310577677,272,Unknown,10.0,24000,residential,120,supply_service,70,main_to_building,True,True,True
2064,456766.23697930627,5734211.561401457,456774.0678131683,5734257.29440358,46.39859310577677,272,Unknown,10.0,24000,residential,120,return_service,40,building_to_main,True,True,True
2070,456790.79609467654,5734207.813606898,456818.6732420317,5734247.813459465,48.75575401983102,272,Unknown,10.0,24000,residential,120,supply_service,70,main_to_building,True,True,True
2070,456790.79609467654,5734207.813606898,456818.6732420317,5734247.813459465,48.75575401983102,272,Unknown,10.0,24000,residential,120,return_service,40,building_to_main,True,True,True
2071,456789.1842010002,5734298.736803417,456802.0341942416,5734319.751851356,24.632388559878184,746,Unknown,10.0,24000,residential,120,supply_service,70,main_to_building,True,True,True
2071,456789.1842010002,5734298.736803417,456802.0341942416,5734319.751851356,24.632388559878184,746,Unknown,10.0,24000,residential,120,return_service,40,building_to_main,True,True,True
2073,456796.8347517963,5733556.697963531,456781.2331392698,5733551.199953936,16.542019917024245,934,Unknown,10.0,24000,residential,120,supply_service,70,main_to_building,True,True,True
2073,456796.8347517963,5733556.697963531,456781.2331392698,5733551.199953936,16.542019917024245,934,Unknown,10.0,24000,residential,120,return_service,40,building_to_main,True,True,True
2076,456807.15509890806,5734287.3599312,456815.81001914665,5734262.452964734,26.367871033726413,886,Unknown,10.0,24000,residential,120,supply_service,70,main_to_building,True,True,True
2076,456807.15509890806,5734287.3599312,456815.81001914665,5734262.452964734,26.367871033726413,886,Unknown,10.0,24000,residential,120,return_service,40,building_to_main,True,True,True
