building_id,Sanierungszustand,A_NGF_m2,Ht_W_per_K,Q_kW_mittleres,Q_kW_kaltes,Q_kW_heisses
DEBBAL520000wbwH,vollsaniert,15.86,80.54,0.76355,0.74422,0.51709
DEBBAL520000w9wR,unsaniert,168.8,329.08,12.04441,11.781139999999999,8.68777
DEBBAL520000w9vz,vollsaniert,2.19,11.01,0.10441,0.10177,0.07071
DEBBAL520000w9GU,teilsaniert,12.99,67.25,1.74747,1.70928,1.26047
DEBBAL520000w9ER,unsaniert,53.21,145.43,4.1593599999999995,4.04302,2.67595
DEBBAL01000bs7dO,vollsaniert,5.34,25.41,0.2409,0.2348,0.16313999999999998
DEBBAL520000w9GB,unsaniert,91.3,183.1,6.70138,6.5549,4.83378
DEBBAL520000w9DA,vollsaniert,598.17,2179.83,30.474040000000002,29.95088,23.803759999999997
DEBBAL520000wbwx,teilsaniert,135.95,281.89,7.32525,7.16514,5.28379
DEBBAL520000w9Eh,teilsaniert,81.34,144.72,3.76068,3.67847,2.71262
DEBBAL520000w9wE,teilsaniert,112.72,286.29,7.43959,7.27697,5.3662600000000005
DEBBAL520000w9El,unsaniert,110.35,247.48,9.05777,8.85978,6.53347
DEBBAL520000w9yh,vollsaniert,82.09,403.53,3.82548,3.72863,2.5906700000000003
DEBBAL520000w9FU,unsaniert,135.81,271.82,9.948709999999998,9.73125,7.17612
DEBBAL520000w9xP,teilsaniert,150.7,271.64,7.05894,6.9046400000000006,5.09169
DEBBAL520000w9Fx,unsaniert,41.31,126.38,4.62537,4.5242700000000005,3.33633
DEBBAL520000wbwF,teilsaniert,132.45,262.1,6.81088,6.66201,4.91277
DEBBAL520000w9Gx,unsaniert,6.39,37.71,1.0786,1.04843,0.6939299999999999
DEBBAL520000w9w0,unsaniert,17.82,73.1,2.09058,2.0321,1.34499
DEBBAL520000w9wa,unsaniert,72.96,209.9,7.68234,7.51442,5.54136
DEBBAL520000w9wH,vollsaniert,206.11,385.83,4.23639,4.14379,3.0557600000000003
DEBBAL520000w9FR,unsaniert,13.93,76.01,2.17387,2.11306,1.3985699999999999
DEBBAL520000w9xf,unsaniert,134.29,275.83,10.095229999999999,9.87457,7.2818000000000005
DEBBAL520000w9E1,unsaniert,4.98,25.93,0.7416799999999999,0.72094,0.47717000000000004
DEBBAL520000w9x2,unsaniert,127.73,277.58,10.159510000000001,9.93744,7.32817
DEBBAL520000w9xU,unsaniert,180.31,450.88,16.502290000000002,16.14158,11.90329
DEBBAL520000w9Fh,unsaniert,11.7,56.97,1.6293,1.58373,1.04822
DEBBAL520000w9wL,unsaniert,145.62,273.3,10.002790000000001,9.78415,7.21513
DEBBAL520000w9Hs,unsaniert,10.94,45.72,1.67343,1.63685,1.20706
DEBBAL520000w9FN,unsaniert,8.94,30.9,1.1309,1.1061800000000002,0.8157300000000001
DEBBAL520000w9Hi,unsaniert,28.16,90.28,3.30431,3.23208,2.3834400000000002
DEBBAL520000w9F1,unsaniert,119.32,212.41,7.7741999999999996,7.6042700000000005,5.60762
DEBBAL520000w9EI,unsaniert,150.92,314.27,11.50231,11.25089,8.29675
DEBBAL520000w9w2,unsaniert,199.94,346.0,12.66358,12.38678,9.134379999999998
DEBBAL520000w9Gf,unsaniert,6.59,35.52,1.0158099999999999,0.9873999999999999,0.6535299999999999
DEBBAL520000w9wo,teilsaniert,11.51,56.24,1.14204,1.11009,0.7347400000000001
DEBBAL520000w9xd,unsaniert,158.65,299.33,10.95533,10.71587,7.90221
DEBBAL520000wbf6,teilsaniert,23.31,141.51,3.67736,3.59698,2.65252
DEBBAL520000w9xY,unsaniert,78.94,245.42,8.98255,8.786209999999999,6.479220000000001
DEBBAL520000w9Gi,unsaniert,24.47,129.3,4.7324399999999995,4.629,3.41357
DEBBAL520000w9xg,unsaniert,3.57,26.22,0.74987,0.72889,0.48243
DEBBAL520000w9F2,unsaniert,28.95,191.87,6.63871,6.48521,4.68163
DEBBAL520000w9wI,teilsaniert,115.34,291.41,7.572520000000001,7.407,5.462140000000001
DEBBAL520000w9Hu,unsaniert,11.44,40.88,1.49609,1.4633900000000002,1.0791400000000002
DEBBAL520000w9E2,teilsaniert,198.9,366.83,9.53234,9.32399,6.87579
DEBBAL520000w9xZ,unsaniert,175.21,311.63,11.405629999999999,11.15632,8.22701
DEBBAL520000w9FW,unsaniert,89.47,189.67,6.94182,6.79008,5.00721
DEBBAL520000w9FH,unsaniert,10.44,32.47,1.1884100000000002,1.1624400000000001,0.85722
DEBBAL01000bnlNA,teilsaniert,27.47,101.43,2.6358800000000002,2.57827,1.90129
DEBBAL520000w9wf,teilsaniert,226.6,419.67,10.905569999999999,10.66719,7.86631
DEBBAL520000w9Fp,unsaniert,131.39,224.77,8.22659,8.04678,5.93394
DEBBAL520000w9Hb,unsaniert,12.7,76.92,2.8154299999999997,2.7538899999999997,2.0308
DEBBAL520000w9wA,vollsaniert,160.46,316.57,3.4759,3.3999200000000003,2.50721
DEBBAL520000w9DL,teilsaniert,79.6,265.7,6.90458,6.75366,4.9803500000000005
DEBBAL520000w9wZ,unsaniert,31.38,207.77,7.60429,7.43808,5.485060000000001
DEBBAL520000w9vZ,unsaniert,72.64,208.61,7.63522,7.46833,5.50737
DEBBAL01000bhPdc,teilsaniert,13.41,69.39,1.8030599999999999,1.7636500000000002,1.30057
DEBBAL520000w9E9,teilsaniert,1787.66,5249.02,128.94743,125.96599,90.93402999999999
DEBBAL520000w9yf,teilsaniert,13.25,56.61,1.471,1.43885,1.06105
DEBBAL520000w9xE,teilsaniert,164.17,321.49,8.354190000000001,8.17159,6.02598
DEBBAL520000w9Gh,unsaniert,19.76,88.52,2.5317399999999997,2.46092,1.6288099999999999
DEBBAL520000w9DZ,unsaniert,4.46,31.09,0.88914,0.86427,0.5720299999999999
DEBBAL010007l5VJ,teilsaniert,186.05,264.18,6.86504,6.71498,4.95183
DEBBAL520000w9vC,vollsaniert,37.33,339.51,3.52415,3.44266,2.4852399999999997
DEBBAL520000w9xQ,teilsaniert,59.42,262.55,6.82262,6.67349,4.92124
DEBBAL520000w9GG,teilsaniert,3.91,24.8,0.5036499999999999,0.48956,0.32403
DEBBAL520000w9xa,unsaniert,229.44,425.66,15.57924,15.23871,11.23749
DEBBAL520000wbf2,unsaniert,100.8,231.45,8.47101,8.28585,6.11023
DEBBAL520000w9w4,unsaniert,78.78,210.98,7.7218800000000005,7.553100000000001,5.56988
DEBBAL520000w9Gm,teilsaniert,890.64,2243.55,58.30091,57.02658,42.05312
DEBBAL520000w9vl,unsaniert,10.46,58.85,2.1539200000000003,2.10684,1.5536500000000002
DEBBAL520000w9vt,unsaniert,0.63,4.44,0.14038,0.13683,0.09506999999999999
DEBBAL520000w9EF,unsaniert,9.02,49.11,1.4045699999999999,1.36529,0.90364
DEBBAL520000w9xV,unsaniert,161.99,274.53,10.04767,9.82805,7.2475
DEBBAL520000w9FC,teilsaniert,123.25,258.35,6.71349,6.566739999999999,4.84251
DEBBAL520000wbf8,teilsaniert,15.83,88.95,2.31145,2.26092,1.66727
DEBBAL520000w9Gu,unsaniert,105.95,203.08,7.43283,7.270359999999999,5.3613800000000005
DEBBAL520000w9vM,unsaniert,274.93,492.14,18.01229,17.61858,12.992469999999999
DEBBAL520000w9w3,teilsaniert,81.03,242.92,6.3125,6.17452,4.55328
DEBBAL520000w9yr,vollsaniert,92.88,491.03,4.6549499999999995,4.537100000000001,3.1524
DEBBAL520000w9Ev,unsaniert,120.36,213.02,7.7964899999999995,7.6260699999999995,5.6236999999999995
DEBBAL520000w9wl,unsaniert,145.2,299.89,10.976,10.73609,7.91711
DEBBAL520000w9Ft,teilsaniert,132.54,244.27,6.34755,6.2088,4.57856
DEBBAL520000w9xO,teilsaniert,127.67,237.28,6.166,6.03123,4.44761
DEBBAL520000wbwz,vollsaniert,755.47,1105.44,12.13776,11.87245,8.7551
DEBBAL520000w9Dx,teilsaniert,179.14,312.34,8.11639,7.93898,5.85445
DEBBAL520000wbwC,teilsaniert,12.59,69.82,1.4178199999999999,1.37816,0.91216
DEBBAL520000w9yp,vollsaniert,1596.58,5764.63,54.64868,53.26517,37.008919999999996
DEBBAL520000w9vY,vollsaniert,1063.76,5696.97,59.13454,57.767269999999996,41.701809999999995
DEBBAL520000wbf7,teilsaniert,11.77,62.8,1.6318599999999999,1.59619,1.17708
DEBBAL520000w9wh,unsaniert,80.07,220.66,8.07598,7.89945,5.82529
DEBBAL520000wbeW,teilsaniert,8.95,55.44,1.1258599999999999,1.0943699999999998,0.72433
DEBBAL520000wbf9,teilsaniert,20.3,114.25,2.96881,2.9039200000000003,2.1414400000000002
DEBBAL520000w9H6,vollsaniert,11.34,57.76,0.63421,0.6203500000000001,0.45746
DEBBAL520000w9G8,vollsaniert,251.56,486.15,5.33788,5.22121,3.85028
DEBBAL520000w9FG,unsaniert,130.85,253.37,9.27336,9.07066,6.68898
DEBBAL520000w9EG,unsaniert,119.0,229.54,8.401309999999999,8.21767,6.05996
DEBBAL520000w9wc,unsaniert,167.26,323.36,11.83492,11.576229999999999,8.53666
DEBBAL520000w9Fl,teilsaniert,193.22,352.85,9.16924,8.96882,6.61388
DEBBAL520000w9EN,unsaniert,206.5,336.34,12.31008,12.041,8.8794
DEBBAL520000w9wq,vollsaniert,99.04,230.1,2.5265500000000003,2.47132,1.82243
DEBBAL520000w9Dr,vollsaniert,3.89,24.63,0.23347,0.22756,0.15811
DEBBAL520000w9wj,vollsaniert,23.34,214.62,2.22778,2.17627,1.57103
DEBBAL520000w9vo,teilsaniert,157.98,317.6,8.253200000000001,8.0728,5.95313
DEBBAL520000w9Go,unsaniert,118.05,221.19,8.09566,7.918699999999999,5.83949
DEBBAL520000w9FD,unsaniert,113.04,194.5,7.11885,6.96325,5.13491
DEBBAL520000w9vd,vollsaniert,1063.76,5702.82,59.19523,57.82656,41.744620000000005
DEBBAL520000w9wm,unsaniert,74.93,224.39,8.212530000000001,8.03302,5.92379
DEBBAL520000w9FF,unsaniert,16.03,81.93,2.34318,2.27764,1.5075
DEBBAL520000w9Gv,unsaniert,15.81,78.45,2.24379,2.1810300000000002,1.44356
DEBBAL520000w9wD,unsaniert,128.03,223.92,8.19552,8.01638,5.91152
DEBBAL010009Wc0l,teilsaniert,944.04,2076.92,53.970879999999994,52.79119,38.92982
DEBBAL520000w9H5,unsaniert,16.59,88.91,3.2540500000000003,3.18292,2.34718
DEBBAL520000w9vp,vollsaniert,26.47,161.02,1.76798,1.72933,1.27526
DEBBAL520000w9Gk,unsaniert,118.55,224.1,8.20217,8.02288,5.91632
DEBBAL520000w9wT,teilsaniert,137.55,298.44,7.75537,7.585850000000001,5.59404
DEBBAL520000w9DI,vollsaniert,95.09,369.47,4.05675,3.96808,2.92618
DEBBAL520000w9w5,unsaniert,73.89,234.12,8.568670000000001,8.38138,6.180680000000001
DEBBAL520000w9G2,unsaniert,138.59,302.48,11.07086,10.82888,7.98554
DEBBAL520000wbwB,vollsaniert,2.98,13.47,0.12769,0.12445999999999999,0.08648
DEBBAL520000w9H9,teilsaniert,14.08,102.32,2.65887,2.60076,1.91788
DEBBAL520000w9FS,unsaniert,109.22,209.75,7.67678,7.508979999999999,5.53735
DEBBAL520000w9wU,unsaniert,139.29,863.35,29.87198,29.1813,21.06579
DEBBAL520000w9ET,unsaniert,22.35,104.09,2.97708,2.8938,1.91532
DEBBAL520000w9GT,vollsaniert,34.17,103.72,1.0765799999999999,1.05169,0.7592000000000001
DEBBAL520000w9vN,teilsaniert,79.14,241.52,6.27616,6.1389700000000005,4.5270600000000005
DEBBAL520000wbf3,teilsaniert,47.67,237.73,6.17775,6.04272,4.45608
DEBBAL520000w9y3,unsaniert,214.56,395.83,14.48739,14.170729999999999,10.44992
DEBBAL01000bjZuh,vollsaniert,1689.65,3016.91,33.125699999999995,32.40164,23.89395
DEBBAL520000w9xo,unsaniert,128.7,241.14,8.82584,8.63293,6.36618
DEBBAL520000w9wr,vollsaniert,55.2,406.08,4.2151000000000005,4.117640000000001,2.9725
DEBBAL520000w9xC,teilsaniert,191.05,325.43,8.45667,8.27182,6.09989
DEBBAL520000w9wv,unsaniert,151.3,302.15,11.058620000000001,10.8169,7.97671
DEBBAL010009Wc0m,teilsaniert,508.93,1063.82,27.64452,27.04026,19.94031
DEBBAL520000w9w8,unsaniert,86.65,275.93,10.098889999999999,9.87815,7.28445
DEBBAL520000w9GK,teilsaniert,124.2,285.99,7.43183,7.26938,5.36066
DEBBAL520000w9Gs,unsaniert,5.42,25.49,0.9328099999999999,0.91242,0.6728500000000001
DEBBAL520000w9wi,unsaniert,16.88,76.26,2.18101,2.12,1.40317
DEBBAL520000w9Gt,unsaniert,11.15,61.39,1.7556500000000002,1.70654,1.12951
DEBBAL520000w9Fy,teilsaniert,165.03,318.53,8.2774,8.09647,5.97058
DEBBAL520000w9GY,unsaniert,24.8,79.93,2.92532,2.86138,2.1100700000000003
DEBBAL520000w9H8,teilsaniert,22.06,67.14,1.7446300000000001,1.7065,1.25842
DEBBAL520000w9wJ,unsaniert,70.14,219.92,8.049109999999999,7.87317,5.80592
DEBBAL520000w9xM,teilsaniert,143.41,290.72,7.55455,7.38943,5.44919
DEBBAL520000w9FV,unsaniert,232.22,424.47,15.53578,15.196200000000001,11.20614
DEBBAL520000w9xk,unsaniert,164.79,315.24,11.53791,11.28572,8.32243
DEBBAL520000wbwy,vollsaniert,620.52,951.32,10.445450000000001,10.21713,7.53442
DEBBAL520000w9EB,unsaniert,13.34,43.77,1.6019100000000002,1.5669000000000002,1.15548
DEBBAL520000wbwE,teilsaniert,173.62,321.28,8.34882,8.16633,6.0221
DEBBAL520000w9vA,vollsaniert,38.09,344.13,3.57212,3.48952,2.51906
DEBBAL520000wbwM,vollsaniert,7.86,60.66,0.6660900000000001,0.6515299999999999,0.48046
DEBBAL520000w9xL,teilsaniert,27.67,78.97,2.05223,2.00737,1.4802899999999999
DEBBAL520000wbeZ,teilsaniert,177.86,314.67,8.17713,7.9983900000000006,5.8982600000000005
DEBBAL520000w9GQ,teilsaniert,66.71,276.59,5.61634,5.459239999999999,3.61331
DEBBAL520000w9xq,unsaniert,186.18,320.0,11.71184,11.45584,8.44788
DEBBAL520000w9Eg,teilsaniert,169.38,316.62,8.22779,8.04795,5.9348
DEBBAL520000w9DK,teilsaniert,133.73,1015.86,26.39807,25.821060000000003,19.04123
DEBBAL520000w9x1,unsaniert,121.95,260.19,9.52308,9.31493,6.86911
DEBBAL520000w9Fk,unsaniert,117.97,214.62,7.8552100000000005,7.68351,5.66605
DEBBAL520000w9H1,unsaniert,9.24,51.52,1.88561,1.8444,1.36011
DEBBAL520000w9Gn,unsaniert,117.83,220.88,8.08433,7.90762,5.83132
DEBBAL01000bVl68,unsaniert,9.5,38.42,1.40631,1.37557,1.01439
DEBBAL520000w9DX,unsaniert,5.77,22.76,0.83297,0.81477,0.6008300000000001
DEBBAL520000w9xj,unsaniert,140.83,280.7,10.27376,10.0492,7.4105799999999995
DEBBAL520000w9vL,teilsaniert,13.29,69.4,1.4091900000000002,1.36977,0.90661
DEBBAL520000w9Er,teilsaniert,118.42,244.25,6.34712,6.2083900000000005,4.57825
DEBBAL520000w9ES,unsaniert,119.12,225.67,8.2594,8.078859999999999,5.9576
DEBBAL520000w9EE,unsaniert,23.17,111.57,3.19087,3.10161,2.05286
DEBBAL520000w9GL,teilsaniert,13.99,63.31,1.28561,1.2496500000000001,0.8271000000000001
DEBBAL520000w9G4,unsaniert,107.32,183.48,6.71533,6.56855,4.843850000000001
DEBBAL520000w9jH,vollsaniert,1452.64,3652.22,40.10143,39.22489,28.92562
DEBBAL520000w9vF,teilsaniert,79.83,252.08,6.55045,6.4072700000000005,4.72492
DEBBAL520000w9Et,unsaniert,199.91,409.62,14.992270000000001,14.66457,10.81409
DEBBAL520000w9xx,teilsaniert,166.36,280.78,7.29626,7.13678,5.26288
DEBBAL520000w9Dy,teilsaniert,53.1,401.86,11.584010000000001,11.35575,8.67374
DEBBAL520000w9xB,teilsaniert,154.4,278.75,7.24369,7.08535,5.22495
DEBBAL520000w9wx,vollsaniert,168.5,333.97,3.66703,3.58687,2.64507
DEBBAL520000w9Gc,unsaniert,21.9,99.79,2.85386,2.77403,1.83605
DEBBAL520000w9wV,unsaniert,10.22,51.23,1.46505,1.42407,0.94255
DEBBAL520000wbwO,vollsaniert,11.82,70.96,0.7791699999999999,0.76214,0.56202
DEBBAL520000w9wW,vollsaniert,139.4,287.36,3.1552399999999996,3.08627,2.2759099999999997
DEBBAL520000w9Gl,unsaniert,134.38,269.83,9.87576,9.6599,7.1235
DEBBAL520000w9yk,vollsaniert,7535.27,21111.56,200.13756,195.07079000000002,135.5362
DEBBAL520000w9wt,unsaniert,80.15,224.0,8.1985,8.0193,5.91367
DEBBAL520000w9w7,unsaniert,16.35,81.09,2.31912,2.25425,1.49202
DEBBAL520000w9FA,unsaniert,108.95,194.05,7.10224,6.947,5.12293
DEBBAL520000w9x3,unsaniert,117.64,213.7,7.8216,7.6506300000000005,5.64181
DEBBAL520000w9vg,vollsaniert,9.55,102.04,1.05918,1.03469,0.74693
DEBBAL520000w9xi,unsaniert,162.07,282.48,10.338799999999999,10.11282,7.4575
DEBBAL520000w9Ey,unsaniert,7.52,43.51,1.2444600000000001,1.2096500000000001,0.80063
DEBBAL520000w9G7,unsaniert,103.64,178.77,6.542800000000001,6.39979,4.719399999999999
DEBBAL520000w9DY,unsaniert,9.86,61.52,2.25174,2.20252,1.6242
DEBBAL520000w9vE,vollsaniert,37.34,340.13,3.53056,3.44893,2.4897600000000004
DEBBAL520000w9Fw,unsaniert,110.75,200.52,7.33896,7.17854,5.29367
DEBBAL520000w9vB,vollsaniert,37.67,343.0,3.5603800000000003,3.47806,2.51079
DEBBAL520000w9Ga,unsaniert,80.0,397.27,14.540059999999999,14.22225,10.48791
DEBBAL520000w9w9,vollsaniert,161.41,1165.93,12.102319999999999,11.8225,8.53458
DEBBAL520000w9GR,vollsaniert,23.47,127.82,1.4035199999999999,1.3728399999999998,1.01237
DEBBAL520000w9EH,unsaniert,115.94,238.77,8.73884,8.54783,6.3034300000000005
DEBBAL520000w9Gg,vollsaniert,23.57,145.17,1.3762,1.3413599999999999,0.93198
DEBBAL520000w9vf,vollsaniert,875.2,4284.09,44.468900000000005,43.44072,31.359569999999998
DEBBAL520000w9Eq,teilsaniert,17.25,82.52,1.6755799999999998,1.62871,1.078
DEBBAL520000w9DH,vollsaniert,2324.05,2786.72,30.59815,29.92934,22.0708
DEBBAL520000w9Ej,unsaniert,130.9,268.59,9.83036,9.61548,7.09075
DEBBAL520000w9vV,unsaniert,80.3,247.14,9.04549,8.84777,6.52461
DEBBAL520000w9EL,unsaniert,107.13,221.99,8.12492,7.9473199999999995,5.860600000000001
DEBBAL520000w9Gy,unsaniert,14.17,67.04,1.91748,1.86384,1.23362
DEBBAL520000w9x7,unsaniert,157.69,308.13,11.27773,11.03122,8.13475
DEBBAL520000wbf0,unsaniert,199.25,335.68,12.2858,12.01726,8.861889999999999
DEBBAL520000w9DM,teilsaniert,79.71,287.94,7.48243,7.31888,5.39717
DEBBAL520000w9E0,unsaniert,5.67,37.52,1.07306,1.04304,0.69036
DEBBAL520000w9DC,vollsaniert,2249.29,3030.21,33.27172,32.544470000000004,23.99927
DEBBAL520000w9xt,teilsaniert,119.37,260.77,6.7763800000000005,6.62826,4.88788
DEBBAL520000w9xz,teilsaniert,190.84,323.65,8.41042,8.22659,6.066529999999999
DEBBAL520000w9G0,unsaniert,105.42,186.73,6.83442,6.685029999999999,4.92974
DEBBAL520000w9DB,vollsaniert,1431.37,3233.65,35.505449999999996,34.72938,25.610490000000002
DEBBAL520000w9GN,teilsaniert,114.07,225.15,5.8506599999999995,5.722779999999999,4.220149999999999
DEBBAL520000w9DE,vollsaniert,1444.1,2838.32,29.461759999999998,28.78057,20.7765
DEBBAL520000wbf5,teilsaniert,23.42,165.08,4.28972,4.19595,3.09422
DEBBAL520000w9DO,vollsaniert,351.4,1059.02,10.03954,9.78537,6.79893
DEBBAL520000w9vj,vollsaniert,41.04,450.05,4.67157,4.56355,3.2944
DEBBAL520000w9EO,unsaniert,120.28,225.95,8.269879999999999,8.08912,5.96516
DEBBAL520000w9Gr,unsaniert,98.71,205.76,7.53089,7.36628,5.43212
DEBBAL520000w9vU,unsaniert,97.27,294.09,10.76354,10.528270000000001,7.763859999999999
DEBBAL520000w9Ex,teilsaniert,88.69,745.44,18.31257,17.88916,12.914069999999999
DEBBAL520000w9Fd,teilsaniert,20.44,90.86,1.84493,1.79332,1.18695
DEBBAL520000w9FX,unsaniert,160.97,271.47,9.935780000000001,9.7186,7.16679
DEBBAL520000w9F0,unsaniert,251.49,431.19,15.78153,15.43657,11.3834
DEBBAL520000w9xw,teilsaniert,138.25,292.49,7.6007,7.43456,5.48247
DEBBAL520000w9ww,unsaniert,75.93,239.75,8.77495,8.58314,6.329470000000001
DEBBAL520000wbwJ,vollsaniert,781.22,984.8,10.813139999999999,10.57679,7.79965
DEBBAL520000w9yo,vollsaniert,2016.74,5974.23,56.63567,55.20185,38.35454
DEBBAL520000w9yi,vollsaniert,23218.12,60191.14,570.6120500000001,556.16618,386.42715000000004
DEBBAL520000w9wd,vollsaniert,161.29,1163.45,12.07662,11.79739,8.516459999999999
DEBBAL520000w9xs,unsaniert,161.8,297.7,10.89598,10.65782,7.85939
DEBBAL520000w9ve,vollsaniert,91.43,743.43,7.71679,7.53837,5.4418999999999995
DEBBAL520000w9vR,unsaniert,76.99,216.37,7.91917,7.74607,5.71219
DEBBAL520000w9DF,unsaniert,560.07,6077.97,222.45381,217.59143,160.45848
DEBBAL520000w9wQ,unsaniert,224.18,390.46,14.29088,13.97852,10.30818
DEBBAL520000w9DV,vollsaniert,850.0,4076.69,44.7621,43.783699999999996,32.28742
DEBBAL01000bDLpM,teilsaniert,1788.77,8003.39,207.97609,203.43016,150.01554000000002
DEBBAL520000w9xR,teilsaniert,212.1,385.03,10.00531,9.786610000000001,7.216939999999999
DEBBAL520000w9E5,vollsaniert,870.43,4514.44,49.56852,48.48505,35.75434
DEBBAL520000w9G3,unsaniert,171.77,446.73,16.35049,15.9931,11.793790000000001
DEBBAL520000w9Em,teilsaniert,166.2,301.41,7.8324,7.6612,5.6496
DEBBAL520000w9F7,unsaniert,110.21,213.21,7.8034300000000005,7.63287,5.62871
DEBBAL520000w9GH,teilsaniert,114.38,220.08,5.719069999999999,5.594060000000001,4.125229999999999
DEBBAL520000wbeR,teilsaniert,303.76,492.2,12.79035,12.51078,9.22583
DEBBAL520000w9GC,vollsaniert,453.47,1402.58,13.29646,12.95984,9.00457
DEBBAL520000w9FJ,vollsaniert,4199.99,6572.79,72.16923,70.59176,52.05649
DEBBAL520000w9vO,unsaniert,83.42,223.57,8.18263,8.003770000000001,5.902220000000001
DEBBAL520000w9Ge,vollsaniert,321.96,919.13,10.09208,9.87149,7.27954
DEBBAL520000w9GF,teilsaniert,119.16,211.62,5.4992399999999995,5.37904,3.96666
DEBBAL520000w9GD,unsaniert,97.99,207.21,7.58385,7.41808,5.47032
DEBBAL01000cHcRS,teilsaniert,62.07,127.2,3.3054699999999997,3.2332199999999998,2.3842800000000004
DEBBAL520000w9Fu,teilsaniert,106.55,189.96,4.93618,4.8282799999999995,3.56052
DEBBAL520000w9Fe,teilsaniert,193.96,365.82,9.506120000000001,9.29834,6.85688
DEBBAL520000w9vQ,unsaniert,75.12,209.25,7.65865,7.49125,5.5242700000000005
DEBBAL010009Wc0k,vollsaniert,1058.83,2130.17,23.38925,22.87801,16.87093
DEBBAL520000w9vP,unsaniert,75.57,208.69,7.63791,7.47096,5.50931
DEBBAL01000bjZu8,vollsaniert,83.55,628.51,7.65526,7.50442,5.73202
DEBBAL01000bjZuk,unsaniert,30.4,120.55,3.80928,3.7128400000000004,2.5797
DEBBAL520000w9GA,vollsaniert,1394.92,9910.43,108.81653999999999,106.43803999999999,78.49061999999999
DEBBAL520000w9EY,teilsaniert,70.27,241.94,6.287,6.14958,4.53488
DEBBAL520000w9vi,vollsaniert,78.32,714.52,7.41675,7.2452700000000005,5.23031
DEBBAL520000w9Ds,vollsaniert,1233.14,11760.94,129.13513,126.3125,93.14665
DEBBAL01000ayuad,vollsaniert,158.66,888.89,9.76003,9.546700000000001,7.04002
DEBBAL520000wbq6,unsaniert,10.11,51.67,1.47767,1.43634,0.9506699999999999
DEBBAL520000w9vh,vollsaniert,41.04,449.96,4.6706,4.562609999999999,3.29372
DEBBAL520000wbsj,teilsaniert,123.43,252.45,6.56011,6.416720000000001,4.73188
DEBBAL520000wbp8,unsaniert,13.89,96.78,3.54222,3.46479,2.55504
DEBBAL520000wbv8,unsaniert,13.52,63.87,2.33781,2.2867100000000002,1.68629
DEBBAL520000wbnN,unsaniert,99.56,239.94,8.78186,8.58991,6.33446
DEBBAL520000Kfjm,vollsaniert,1945.05,9347.33,116.65473,114.41136999999999,88.05188000000001
DEBBAL520000wbZb,unsaniert,6.39,46.25,1.69257,1.65557,1.22087
DEBBAL520000wbuA,teilsaniert,190.85,389.66,10.12583,9.9045,7.30388
DEBBAL520000wc0c,teilsaniert,87.08,181.15,4.7074300000000004,4.60454,3.3955300000000004
DEBBAL520000wc09,unsaniert,6.93,38.94,1.42509,1.39394,1.02793
DEBBAL520000wbq2,unsaniert,138.89,264.79,9.69119,9.479370000000001,6.9903699999999995
DEBBAL520000wboN,teilsaniert,1.73,15.57,0.40464999999999995,0.3958,0.29188
DEBBAL520000wbpE,teilsaniert,154.99,295.11,7.668810000000001,7.501189999999999,5.5316
DEBBAL520000wbuz,unsaniert,88.71,207.83,7.6066400000000005,7.44038,5.48676
DEBBAL520000wbu5,teilsaniert,98.77,231.67,6.02026,5.88867,4.342479999999999
DEBBAL520000wbnr,unsaniert,92.3,208.75,7.64016,7.47316,5.51094
DEBBAL520000wbt9,teilsaniert,135.14,285.32,7.4143,7.25224,5.34802
DEBBAL520000wbup,unsaniert,13.01,73.08,2.0900700000000003,2.0316099999999997,1.3446600000000002
DEBBAL520000wbnv,teilsaniert,108.23,220.27,5.72393,5.59882,4.12874
DEBBAL520000wbtP,unsaniert,121.54,266.57,9.75639,9.54314,7.0374
DEBBAL520000wbq3,unsaniert,48.05,218.6,6.25189,6.0770100000000005,4.02219
DEBBAL520000wc0f,unsaniert,19.28,100.72,3.68623,3.6056500000000002,2.65892
DEBBAL520000wbuk,unsaniert,145.38,283.6,10.37991,10.153030000000001,7.48715
DEBBAL520000wbto,teilsaniert,125.14,245.45,6.37836,6.2389399999999995,4.600779999999999
DEBBAL520000wc0i,unsaniert,18.36,64.88,2.3746799999999997,2.3227800000000003,1.71289
DEBBAL520000wbqr,unsaniert,69.73,233.71,8.55368,8.36671,6.1698699999999995
DEBBAL01000bgYcJ,teilsaniert,94.48,186.96,4.85842,4.75223,3.50444
DEBBAL520000wc0l,teilsaniert,20.21,79.22,2.05871,2.01371,1.4849700000000001
DEBBAL520000wbsB,unsaniert,9.33,46.84,1.71439,1.67692,1.23661
DEBBAL520000wbqn,unsaniert,24.85,142.29,4.06951,3.95567,2.61814
DEBBAL520000wbuU,teilsaniert,9.66,47.01,1.22156,1.1948599999999998,0.88112
DEBBAL520000wbp9,unsaniert,4.92,28.17,1.03113,1.00859,0.7437699999999999
DEBBAL520000wbwv,unsaniert,347.31,545.15,19.95266,19.51654,14.39209
DEBBAL520000wbqQ,unsaniert,108.73,244.13,8.935,8.739700000000001,6.44492
DEBBAL520000wbZJ,unsaniert,28.8,112.42,3.21531,3.1253699999999998,2.06859
DEBBAL520000wbu8,unsaniert,151.39,319.86,11.70673,11.45085,8.4442
DEBBAL520000wbo4,vollsaniert,12.85,77.64,0.85246,0.8338300000000001,0.6148899999999999
DEBBAL520000wboO,teilsaniert,1.33,10.55,0.27415,0.26816,0.19775
DEBBAL520000Kfjv,vollsaniert,1863.9,5857.99,73.10772999999999,71.70181,55.18228
DEBBAL520000wbtf,unsaniert,49.13,726.86,30.23755,29.65606,22.823529999999998
DEBBAL520000wbp7,unsaniert,0.87,11.42,0.41802999999999996,0.4089,0.30152999999999996
DEBBAL520000wbZu,unsaniert,14.09,70.87,2.59381,2.53711,1.87094
DEBBAL520000wboq,unsaniert,93.79,610.44,22.341990000000003,21.85364,16.11553
DEBBAL520000wbtq,vollsaniert,123.37,245.18,2.69211,2.6332600000000004,1.9418499999999999
DEBBAL520000wbZ7,unsaniert,221.06,427.25,15.63751,15.29571,11.27951
DEBBAL520000wbt6,teilsaniert,32.77,116.14,3.01802,2.95206,2.17694
DEBBAL520000wbsT,teilsaniert,17.48,81.41,1.65306,1.60682,1.06351
DEBBAL520000wbus,unsaniert,125.14,268.01,9.80905,9.59465,7.07538
DEBBAL520000wbnF,teilsaniert,84.07,163.19,4.240729999999999,4.148029999999999,3.0588800000000003
DEBBAL520000wbsO,unsaniert,122.25,262.34,9.601479999999999,9.39161,6.92566
DEBBAL520000wboP,unsaniert,13.97,66.13,2.4205,2.3675900000000003,1.74593
DEBBAL520000wbsw,teilsaniert,195.72,375.74,9.76393,9.550510000000001,7.04283
DEBBAL520000wbr3,unsaniert,9.91,48.98,1.7925499999999999,1.7533699999999999,1.29299
DEBBAL520000wbwf,teilsaniert,19.67,60.1,1.5617999999999999,1.52766,1.12655
DEBBAL520000wbvi,teilsaniert,168.53,580.7,15.09009,14.76025,10.884649999999999
DEBBAL520000wboK,unsaniert,3.03,19.09,0.6031,0.58784,0.40843
DEBBAL520000wbtp,unsaniert,171.49,333.78,12.2162,11.94918,8.81168
DEBBAL520000wbua,teilsaniert,141.49,274.51,7.13339,6.97747,5.1453999999999995
DEBBAL520000wbtF,teilsaniert,12.87,75.68,1.5366900000000001,1.49371,0.98864
DEBBAL520000wbtR,vollsaniert,123.88,250.62,2.75184,2.69169,1.98493
DEBBAL520000wbpX,unsaniert,27.0,75.41,2.75995,2.69962,1.99078
DEBBAL520000wbpJ,unsaniert,65.02,295.96,12.31193,12.07516,9.29314
DEBBAL520000wc0a,unsaniert,9.84,39.93,1.46143,1.42948,1.0541500000000001
DEBBAL520000wbZ2,vollsaniert,13.45,238.51,2.97657,2.9193200000000004,2.24673
DEBBAL520000Kfj6,vollsaniert,3991.01,11334.11,141.44969,138.7295,106.76731
DEBBAL520000wbuu,unsaniert,87.36,206.3,7.5504,7.3853599999999995,5.44619
DEBBAL520000wbno,teilsaniert,120.71,238.1,6.18725,6.05201,4.46293
DEBBAL520000wbnY,teilsaniert,212.94,379.58,9.863760000000001,9.64816,7.11484
DEBBAL520000wbtr,unsaniert,10.52,50.2,1.83725,1.7970899999999999,1.32523
DEBBAL520000wc03,unsaniert,7.69,48.31,1.38168,1.34304,0.8889199999999999
DEBBAL520000wbsV,teilsaniert,107.7,213.67,5.55234,5.43098,4.00497
DEBBAL520000wbtT,unsaniert,177.12,340.62,12.46669,12.1942,8.992370000000001
DEBBAL520000wbtL,teilsaniert,164.96,338.53,8.79704,8.60476,6.34541
DEBBAL520000wbv2,unsaniert,12.42,59.41,2.17452,2.1269899999999997,1.56851
DEBBAL520000wbq5,teilsaniert,138.23,251.14,6.52619,6.38354,4.707409999999999
DEBBAL520000wboF,unsaniert,3.67,26.89,0.98433,0.9628099999999999,0.71001
DEBBAL520000wboA,unsaniert,13.81,121.41,5.05072,4.953600000000001,3.8123299999999998
DEBBAL520000wbsm,unsaniert,20.08,87.1,3.1878800000000003,3.1182,2.29946
DEBBAL520000wbZW,unsaniert,170.61,396.89,14.52633,14.20882,10.47801
DEBBAL520000wbZP,teilsaniert,129.83,270.89,7.039470000000001,6.8856,5.077649999999999
DEBBAL520000wbqh,unsaniert,20.12,81.79,2.33906,2.2736300000000003,1.5048499999999998
DEBBAL520000wbuB,teilsaniert,16.03,88.32,2.295,2.24484,1.65541
DEBBAL520000wbtz,unsaniert,195.6,382.82,14.01129,13.70503,10.10651
DEBBAL520000wbrh,vollsaniert,222.95,444.04,4.87556,4.76899,3.5168000000000004
DEBBAL520000wboz,teilsaniert,274.16,1535.21,39.893879999999996,39.021879999999996,28.77591
DEBBAL520000wbpu,teilsaniert,146.71,294.03,7.640689999999999,7.47368,5.5113199999999996
DEBBAL520000KfjK,vollsaniert,27.27,159.69,1.75342,1.7150999999999998,1.26477
DEBBAL520000wbvZ,teilsaniert,13.1,224.15,6.62036,6.49305,4.9971000000000005
DEBBAL520000wbsi,teilsaniert,185.81,321.12,8.3445,8.16211,6.01898
DEBBAL520000Kfju,vollsaniert,1908.92,6118.8,76.36258000000001,74.89407000000001,57.63906
DEBBAL520000wbYJ,unsaniert,148.78,252.78,9.25193,9.049700000000001,6.673520000000001
DEBBAL520000wbwq,unsaniert,18.81,67.58,2.47347,2.41941,1.78414
DEBBAL520000wbqp,unsaniert,139.09,278.59,10.19642,9.97355,7.35479
DEBBAL520000wbpy,unsaniert,210.51,416.51,15.24426,14.91105,10.99586
DEBBAL520000wbs2,unsaniert,214.97,383.39,14.0319,13.725190000000001,10.12137
DEBBAL520000Kfjs,vollsaniert,945.37,3784.95,47.23615,46.327769999999994,35.65421
DEBBAL520000wbZY,teilsaniert,129.07,261.65,6.79934,6.650720000000001,4.904439999999999
DEBBAL520000wbpc,unsaniert,5.93,26.38,0.96556,0.94445,0.69647
DEBBAL520000wbpS,unsaniert,127.51,255.89,9.36542,9.16071,6.75539
DEBBAL520000wbtV,teilsaniert,214.43,364.62,9.47507,9.267959999999999,6.8344700000000005
DEBBAL520000wbpR,unsaniert,137.28,365.72,13.385440000000001,13.09286,9.65507
DEBBAL520000wbo1,unsaniert,15.4,88.21,3.2285399999999997,3.1579699999999997,2.32878
DEBBAL520000wboy,vollsaniert,197.53,355.16,3.8996999999999997,3.81446,2.8129
DEBBAL520000wbYQ,vollsaniert,171.82,341.34,3.74795,3.66603,2.70344
DEBBAL520000wbnq,unsaniert,95.94,220.45,8.068439999999999,7.89208,5.819859999999999
DEBBAL520000wboa,teilsaniert,174.46,259.88,6.753220000000001,6.6056099999999995,4.87117
DEBBAL520000wbnP,teilsaniert,9.8,56.62,1.14968,1.11752,0.73965
DEBBAL520000wbZf,teilsaniert,1.61,7.75,0.20142,0.19701,0.14528
DEBBAL520000wbZo,unsaniert,7.55,50.93,1.86387,1.8231300000000001,1.34443
DEBBAL520000Kfjn,vollsaniert,1906.19,9119.96,113.81713,111.62834,85.91004
DEBBAL520000wbqH,unsaniert,9.67,35.86,1.31236,1.28367,0.94662
DEBBAL520000wbtS,teilsaniert,172.09,345.35,8.974219999999999,8.77807,6.47321
DEBBAL520000Kfjo,vollsaniert,2999.64,9997.55,124.76944,122.37003,94.17693
DEBBAL520000wbry,unsaniert,7.23,38.6,1.41259,1.38172,1.01892
DEBBAL520000wbsC,unsaniert,141.17,259.33,9.49149,9.28402,6.8463199999999995
DEBBAL520000wbvX,teilsaniert,14.0,393.05,11.60924,11.38598,8.762739999999999
DEBBAL520000wbpB,teilsaniert,154.44,295.68,7.68355,7.51561,5.54223
DEBBAL520000wboH,teilsaniert,1.51,11.97,0.311,0.30419999999999997,0.22433
DEBBAL520000Kfjg,teilsaniert,24.46,131.7,2.95471,2.8799099999999997,2.00098
DEBBAL520000wbpU,teilsaniert,118.72,234.64,6.09738,5.9641,4.39811
DEBBAL520000wc07,teilsaniert,17.35,118.29,3.07389,3.0067,2.21723
DEBBAL520000wbq4,teilsaniert,167.36,350.96,9.119950000000001,8.92061,6.57832
DEBBAL520000wbom,teilsaniert,13.84,51.32,1.33373,1.3045799999999999,0.9620299999999999
DEBBAL520000wbrk,unsaniert,235.35,444.6,16.27247,15.91679,11.73752
DEBBAL520000wbrI,unsaniert,124.93,274.1,10.03223,9.81295,7.2363599999999995
DEBBAL520000wboV,teilsaniert,3.6,21.8,0.56652,0.55414,0.40864
DEBBAL520000wbop,unsaniert,272.92,1164.87,42.63407,41.702169999999995,30.75244
DEBBAL520000wbny,unsaniert,161.78,309.41,11.32427,11.07675,8.16833
DEBBAL520000wbqt,teilsaniert,5.83,34.44,0.69938,0.6798099999999999,0.44994999999999996
DEBBAL520000wbYK,unsaniert,167.97,321.56,11.769200000000001,11.51195,8.48926
DEBBAL520000wbs7,vollsaniert,25.21,69.0,0.7576499999999999,0.7410800000000001,0.5465
DEBBAL520000Kfjq,vollsaniert,870.97,2373.94,20.368380000000002,19.79864,13.10413
DEBBAL520000wbqC,teilsaniert,4.34,41.96,1.09049,1.06665,0.7865800000000001
DEBBAL520000wbpz,unsaniert,36.86,139.11,4.39588,4.284590000000001,2.97695
DEBBAL520000w9Dk,teilsaniert,23.42,104.22,2.11625,2.05706,1.36151
DEBBAL520000wbqT,teilsaniert,15.74,108.81,2.8274899999999996,2.7656799999999997,2.0395
DEBBAL520000wbw9,teilsaniert,44.75,291.97,7.5871,7.42126,5.472659999999999
DEBBAL520000wbqi,unsaniert,178.0,340.24,12.452770000000001,12.180579999999999,8.98233
DEBBAL520000Kfj9,vollsaniert,2042.61,7785.59,97.16414999999999,95.29561,73.34025
DEBBAL520000wbpZ,teilsaniert,26.13,145.57,2.956,2.87332,1.90176
DEBBAL520000wbqG,teilsaniert,219.42,413.01,10.73242,10.49783,7.74142
DEBBAL520000wboh,teilsaniert,9.78,58.0,1.50732,1.47437,1.08724
DEBBAL520000Kfja,vollsaniert,1960.67,7203.46,89.89917,88.17034,67.85658000000001
DEBBAL520000wboo,unsaniert,69.13,209.12,7.6539399999999995,7.48665,5.52088
DEBBAL520000wc0b,unsaniert,161.82,312.68,11.44408,11.193940000000001,8.25475
DEBBAL520000wbrN,unsaniert,225.6,453.23,16.58805,16.225469999999998,11.96515
DEBBAL520000wbrp,teilsaniert,135.09,274.13,7.12352,6.96781,5.13828
DEBBAL520000wbpv,teilsaniert,121.11,260.97,6.7815,6.63327,4.89157
DEBBAL520000wbu4,vollsaniert,160.55,282.52,3.10205,3.0342399999999996,2.23754
DEBBAL520000Kfjp,vollsaniert,132.74,377.38,3.23796,3.1473899999999997,2.08316
DEBBAL520000wbpb,unsaniert,14.66,44.79,1.6392200000000001,1.60339,1.18239
DEBBAL520000wbsS,unsaniert,3.64,24.24,0.88719,0.8677999999999999,0.6399400000000001
DEBBAL520000Kfjx,vollsaniert,3104.78,10155.9,126.74563,124.30822,95.66858
DEBBAL520000wbqa,teilsaniert,145.91,299.88,7.792770000000001,7.622439999999999,5.621020000000001
DEBBAL520000wbnE,teilsaniert,137.46,258.49,6.7171400000000006,6.57032,4.845149999999999
DEBBAL010009hr0v,unsaniert,150.26,310.65,11.369639999999999,11.121120000000001,8.201049999999999
DEBBAL520000wbr5,unsaniert,178.81,331.51,12.1332,11.867989999999999,8.751809999999999
DEBBAL520000KfjF,vollsaniert,32.27,147.15,1.26254,1.22722,0.81226
DEBBAL520000wbng,teilsaniert,124.37,251.66,6.53955,6.39661,4.71705
DEBBAL520000wbYV,unsaniert,137.29,302.18,11.05969,10.817950000000002,7.97748
DEBBAL520000wbnt,teilsaniert,243.7,450.9,11.71715,11.46104,8.45172
DEBBAL520000w9Dm,teilsaniert,221.24,398.21,10.34777,10.12159,7.463970000000001
DEBBAL520000KfjD,vollsaniert,137.15,507.09,4.35082,4.22912,2.79913
DEBBAL520000wboM,teilsaniert,2.29,17.47,0.45387,0.44395,0.32738
DEBBAL520000wbtw,teilsaniert,147.6,298.56,7.75849,7.58891,5.59629
DEBBAL520000Kfjr,vollsaniert,458.87,1193.03,10.23619,9.94987,6.585520000000001
DEBBAL520000wbZh,unsaniert,7.78,56.97,1.62928,1.5837,1.04821
DEBBAL520000Kfj8,vollsaniert,2047.98,7674.57,95.77866,93.93675999999999,72.29447
DEBBAL520000wbrg,vollsaniert,38.23,112.78,1.23837,1.2113,0.89325
DEBBAL520000wbZc,unsaniert,4.18,26.84,0.98238,0.9609,0.7086
DEBBAL520000wbpr,unsaniert,31.79,76.08,2.78456,2.7237,2.00854
DEBBAL520000Kfj5,vollsaniert,4017.44,10899.68,136.02803,133.41210999999998,102.67501
DEBBAL520000wbpo,teilsaniert,248.33,365.8,9.50573,9.29795,6.85659
DEBBAL520000wbYF,unsaniert,249.06,432.83,15.84174,15.495479999999999,11.42683
DEBBAL520000wbpe,unsaniert,164.83,313.32,11.467459999999999,11.216809999999999,8.27161
DEBBAL520000wboZ,teilsaniert,7.63,43.31,1.12537,1.10077,0.81174
DEBBAL520000wbpT,teilsaniert,23.17,86.94,1.95065,1.90127,1.32101
DEBBAL520000wbpI,unsaniert,174.9,362.56,13.26979,12.97974,9.57166
DEBBAL520000KfjA,vollsaniert,2998.29,9636.99,120.26965,117.95677,90.78045
DEBBAL520000wbYT,unsaniert,331.86,548.75,20.08411,19.64511,14.4869
DEBBAL520000wbZ3,vollsaniert,682.77,1981.9,21.76125,21.28559,15.696639999999999
DEBBAL520000wbtZ,vollsaniert,20.01,90.52,0.77666,0.75493,0.49967
DEBBAL520000wbtH,teilsaniert,126.43,252.2,6.5537399999999995,6.410489999999999,4.72729
DEBBAL520000wbYX,unsaniert,186.76,398.94,14.601049999999999,14.2819,10.53191
DEBBAL520000wbZl,unsaniert,168.1,343.77,12.58186,12.30685,9.07544
DEBBAL520000wboR,unsaniert,6.44,40.29,1.47469,1.44245,1.06371
DEBBAL520000wbs9,teilsaniert,46.07,209.23,4.24856,4.12972,2.73334
DEBBAL520000wbvf,teilsaniert,18.0,96.61,2.51051,2.45563,1.81086
DEBBAL520000wbuY,vollsaniert,14.79,97.2,1.06726,1.04393,0.76983
DEBBAL520000wbnn,teilsaniert,147.93,296.51,7.70499,7.536569999999999,5.5577
DEBBAL520000wbuy,unsaniert,97.64,235.47,8.618120000000001,8.42975,6.21635
DEBBAL520000wbZs,unsaniert,199.48,399.05,14.60507,14.28583,10.53481
DEBBAL520000w9Dn,teilsaniert,130.57,253.42,6.58548,6.44154,4.75018
DEBBAL520000wbrc,unsaniert,204.23,379.85,13.90243,13.59855,10.02798
DEBBAL520000wbqy,unsaniert,4.67,48.02,1.75748,1.71906,1.26769
DEBBAL520000wboY,vollsaniert,5.25,31.04,0.34087,0.33342,0.24587
DEBBAL520000wbZN,unsaniert,8.15,40.35,1.4766700000000001,1.44439,1.0651400000000002
DEBBAL520000wbZM,unsaniert,7.57,51.46,1.47171,1.43054,0.9468300000000001
DEBBAL520000wbZg,unsaniert,6.47,42.47,1.55435,1.52038,1.12117
DEBBAL520000wbtj,teilsaniert,124.73,252.55,6.56275,6.4193,4.73379
DEBBAL520000wbqN,teilsaniert,9.66,61.93,1.6092,1.57402,1.16073
DEBBAL520000Kfjt,vollsaniert,925.65,3511.62,43.82503,42.98224,33.07947
DEBBAL520000wboW,unsaniert,9.13,55.53,2.03225,1.98783,1.4658900000000001
DEBBAL520000wbsz,unsaniert,108.52,229.47,8.39871,8.215129999999998,6.05809
DEBBAL520000wbri,unsaniert,234.82,389.96,14.272459999999999,13.9605,10.294889999999999
DEBBAL520000wbrr,unsaniert,141.83,298.67,10.93114,10.69221,7.88476
DEBBAL520000wboT,unsaniert,9.82,27.66,1.01233,0.9902000000000001,0.7302000000000001
DEBBAL520000wbwt,unsaniert,29.16,210.07,7.6885200000000005,7.52046,5.54582
DEBBAL520000KfjC,vollsaniert,148.48,520.56,4.46641,4.34148,2.8735
DEBBAL520000wbot,teilsaniert,198.8,415.04,10.785110000000001,10.549370000000001,7.77942
DEBBAL520000wbqM,teilsaniert,155.43,283.3,7.361800000000001,7.20088,5.310149999999999
DEBBAL520000wbo3,teilsaniert,115.28,214.52,5.5746,5.45275,4.02102
DEBBAL520000wbtK,unsaniert,120.8,263.78,9.65434,9.44332,6.96379
DEBBAL520000wbtY,unsaniert,158.72,308.6,11.29486,11.047979999999999,8.14711
DEBBAL520000wboJ,unsaniert,12.75,52.51,1.92184,1.87983,1.38625
DEBBAL520000wbZE,unsaniert,122.87,254.66,9.320540000000001,9.11681,6.72301
DEBBAL520000wc05,unsaniert,151.19,288.19,10.54775,10.317200000000001,7.60821
DEBBAL520000wbnm,unsaniert,98.5,238.96,8.74584,8.554680000000001,6.308479999999999
DEBBAL520000wbqj,teilsaniert,144.0,318.47,8.27573,8.09484,5.96938
DEBBAL520000Kfjb,vollsaniert,691.34,2489.26,25.83852,25.24109,18.22138
DEBBAL520000Kfjz,vollsaniert,3470.17,10336.11,128.99462,126.51396000000001,97.36613
DEBBAL520000wbYL,vollsaniert,174.24,306.32,3.3634299999999997,3.28991,2.42608
DEBBAL520000wbsF,unsaniert,59.4,150.95,5.524859999999999,5.404100000000001,3.98515
DEBBAL520000wbqU,teilsaniert,131.72,274.94,7.144699999999999,6.98853,5.15355
DEBBAL520000wbnL,unsaniert,8.92,45.35,1.29702,1.26074,0.83445
DEBBAL520000wbnW,teilsaniert,25.05,114.78,2.33076,2.26556,1.49951
DEBBAL520000wbnS,unsaniert,10.35,56.29,1.60979,1.56476,1.03567
DEBBAL520000wboD,unsaniert,13.11,179.18,7.45371,7.31037,5.62611
DEBBAL520000wboG,unsaniert,6.51,39.15,1.43285,1.40153,1.03353
DEBBAL01000bKJBt,unsaniert,14.28,47.57,1.74098,1.70293,1.25579
DEBBAL520000wbsA,teilsaniert,17.54,95.79,1.9452,1.89079,1.25145
DEBBAL520000wbuX,unsaniert,13.5,75.62,2.76759,2.7071,1.9963
DEBBAL520000wbZD,unsaniert,3.0,22.9,0.8382999999999999,0.81998,0.60468
DEBBAL520000wbqI,teilsaniert,8.72,50.77,1.31927,1.29043,0.9516
DEBBAL520000wbp5,unsaniert,1.62,15.67,0.5734199999999999,0.56088,0.41361000000000003
DEBBAL520000wbuw,unsaniert,99.33,238.46,8.727559999999999,8.536790000000002,6.29529
DEBBAL520000wbwN,vollsaniert,18.94,116.02,1.2739200000000002,1.24607,0.91889
DEBBAL520000KfjB,vollsaniert,1219.73,2281.82,19.57797,19.03034,12.59562
DEBBAL520000wboX,unsaniert,7.79,73.78,2.70035,2.6413200000000003,1.94779
DEBBAL520000wbnl,teilsaniert,155.8,305.14,7.92935,7.75603,5.71953
DEBBAL520000wbpw,unsaniert,16.01,61.84,2.2633400000000004,2.21387,1.6325699999999999
DEBBAL520000wbuh,unsaniert,110.09,235.32,8.61257,8.42432,6.212350000000001
DEBBAL520000wbrq,unsaniert,210.58,384.5,14.072569999999999,13.76497,10.1507
DEBBAL520000wboc,unsaniert,228.21,410.04,15.00745,14.67942,10.82505
DEBBAL520000wbrY,teilsaniert,116.06,265.68,6.9040799999999996,6.75317,4.97999
DEBBAL520000wbuo,unsaniert,145.32,311.2,11.38992,11.14096,8.21568
DEBBAL520000wbtk,unsaniert,137.39,250.89,9.182649999999999,8.98193,6.62355
DEBBAL520000wbnT,unsaniert,15.26,76.93,2.20008,2.13854,1.41544
DEBBAL520000wbt5,teilsaniert,16.27,99.07,2.5745500000000003,2.5182800000000003,1.8570499999999999
DEBBAL520000wbsX,teilsaniert,129.96,266.54,6.92632,6.77493,4.99604
DEBBAL520000wbud,vollsaniert,15.92,81.77,0.8978700000000001,0.87825,0.64765
DEBBAL520000wbok,vollsaniert,26.3,84.11,0.9235800000000001,0.90339,0.6661900000000001
DEBBAL520000wbpA,unsaniert,10.67,50.96,1.86507,1.8243099999999999,1.3453
DEBBAL520000wbqz,teilsaniert,16.06,81.89,2.12789,2.0813800000000002,1.53487
DEBBAL520000wbnZ,unsaniert,135.97,285.88,10.46323,10.234530000000001,7.54725
DEBBAL520000wbsY,unsaniert,141.25,289.79,10.60641,10.37458,7.65053
DEBBAL520000wbp6,unsaniert,4.11,30.52,1.1170499999999999,1.0926300000000002,0.80574
DEBBAL520000wbqL,unsaniert,153.32,309.7,11.335049999999999,11.087290000000001,8.1761
DEBBAL520000wbpg,teilsaniert,5.38,27.53,0.7152999999999999,0.69967,0.5159600000000001
DEBBAL520000wbZC,unsaniert,12.65,67.28,1.9242000000000001,1.8703699999999999,1.23795
DEBBAL520000wbwi,teilsaniert,22.01,59.66,1.55022,1.51633,1.11819
DEBBAL520000wbsU,unsaniert,29.01,92.8,3.39659,3.3223499999999997,2.45
DEBBAL520000wbqO,unsaniert,2.16,16.08,0.5883700000000001,0.57551,0.4244
DEBBAL520000wbnM,vollsaniert,10.38,72.69,0.79813,0.7806900000000001,0.5757000000000001
DEBBAL520000wbsv,unsaniert,159.29,308.2,11.28002,11.03346,8.13641
DEBBAL01000bKJBe,unsaniert,9.33,40.74,1.4909100000000002,1.4583199999999998,1.07541
DEBBAL520000wc00,teilsaniert,6.4,45.82,1.1906700000000001,1.1646400000000001,0.85884
DEBBAL520000wbrM,unsaniert,7.24,38.15,1.39621,1.36569,1.0071
DEBBAL520000wbuc,vollsaniert,12.19,61.01,0.5234500000000001,0.5088,0.33676
DEBBAL520000KfjG,vollsaniert,43.34,165.94,1.82197,1.78214,1.31421
DEBBAL520000wbnR,unsaniert,146.09,289.56,10.59789,10.36624,7.64438
DEBBAL520000wbYH,unsaniert,90.99,189.8,6.94665,6.79481,5.0107
DEBBAL520000wbqR,teilsaniert,187.85,355.01,9.22542,9.02377,6.6544
DEBBAL520000wbnB,teilsaniert,134.47,240.09,6.23902,6.10265,4.50027
DEBBAL520000wbpQ,unsaniert,121.13,278.44,10.1908,9.96805,7.35074
DEBBAL520000wbpO,teilsaniert,27.79,75.75,1.96846,1.92544,1.41987
DEBBAL520000wbuN,unsaniert,9.14,48.34,1.7690899999999998,1.73042,1.27606
DEBBAL520000Kfj4,vollsaniert,4057.67,11616.83,144.97805,142.19001,109.43055
DEBBAL520000wbso,unsaniert,147.17,291.9,10.68343,10.44991,7.70608
DEBBAL520000wbvI,teilsaniert,31.26,211.1,6.23504,6.11514,4.70626
DEBBAL520000wbqY,teilsaniert,254.75,517.24,13.44106,13.14727,9.69519
DEBBAL520000wbZS,teilsaniert,12.46,52.95,1.3760299999999999,1.34595,0.99254
DEBBAL520000wbva,unsaniert,15.2,68.44,2.50487,2.45012,1.80679
DEBBAL520000wbtI,unsaniert,134.81,282.98,10.357209999999998,10.13082,7.470770000000001
DEBBAL520000wboj,vollsaniert,10.33,44.76,0.49147,0.48073,0.3545
DEBBAL520000wbqs,teilsaniert,8.91,68.07,1.76889,1.73023,1.2759200000000002
DEBBAL520000wbw7,teilsaniert,18.64,66.09,1.71743,1.67989,1.2388
DEBBAL520000wbt4,unsaniert,143.75,280.95,10.28287,10.058110000000001,7.4171499999999995
DEBBAL520000wbqP,unsaniert,5.03,26.89,0.98407,0.96256,0.70982
DEBBAL520000wbnw,teilsaniert,132.24,293.29,7.62138,7.45479,5.49739
DEBBAL520000wbwb,teilsaniert,14.51,81.64,2.00551,1.95914,1.41429
DEBBAL520000Kfjy,vollsaniert,3002.18,9581.71,119.57978999999999,117.28017999999999,90.25974000000001
DEBBAL520000Kfj7,vollsaniert,2035.09,7838.88,97.82919,95.94786,73.84223
DEBBAL520000wbsk,unsaniert,197.45,342.18,12.523950000000001,12.25021,9.03367
DEBBAL520000wbsu,unsaniert,110.91,232.58,8.5126,8.32653,6.14023
DEBBAL520000Kfjl,vollsaniert,1943.69,9336.56,116.52022,114.27945,87.95036
DEBBAL520000wc0g,vollsaniert,13.21,66.21,0.72703,0.71114,0.52442
DEBBAL520000wboI,unsaniert,14.55,52.69,1.92832,1.8861700000000001,1.3909200000000002
DEBBAL520000wboU,teilsaniert,2.34,16.2,0.42097,0.41176999999999997,0.30365
DEBBAL520000wbqx,teilsaniert,224.71,433.25,11.25852,11.01243,8.120899999999999
DEBBAL520000wbs5,vollsaniert,3.72,18.38,0.20184,0.19743,0.14559
DEBBAL520000wbtC,vollsaniert,111.96,245.48,2.6953400000000003,2.63642,1.94418
DEBBAL520000wboS,unsaniert,8.13,25.76,0.94298,0.92237,0.6801799999999999
DEBBAL520000wboC,teilsaniert,11.15,159.16,4.70106,4.61066,3.5484
DEBBAL520000wbYU,unsaniert,138.36,276.24,10.11049,9.8895,7.29281
DEBBAL520000wbug,unsaniert,145.96,308.51,11.291409999999999,11.0446,8.14462
DEBBAL520000wbr2,teilsaniert,144.11,282.57,7.34287,7.18237,5.2965
DEBBAL520000Kfjc,teilsaniert,423.15,1288.29,33.47754,32.74579,24.14773
DEBBAL520000wbq9,unsaniert,18.59,122.67,4.48955,4.39142,3.2383699999999997
DEBBAL520000wbqA,unsaniert,108.58,253.91,9.29317,9.09004,6.703270000000001
DEBBAL520000wbs3,teilsaniert,13.06,73.2,1.4865,1.44492,0.95635
DEBBAL520000wbpG,unsaniert,148.4,323.85,11.852889999999999,11.59381,8.549629999999999
DEBBAL520000wbrZ,teilsaniert,274.53,468.41,12.17221,11.90615,8.779950000000001
DEBBAL520000wbpj,unsaniert,206.47,451.77,16.53462,16.173209999999997,11.92661
DEBBAL520000wbpD,unsaniert,13.65,81.24,2.9734000000000003,2.90841,2.14475
DEBBAL520000wbpq,teilsaniert,8.26,44.07,0.8949,0.86987,0.57574
DEBBAL520000wbse,teilsaniert,135.05,257.5,6.69129,6.54503,4.8265
DEBBAL520000wbrS,unsaniert,235.51,452.17,16.54955,16.18781,11.93738
DEBBAL520000wbsg,unsaniert,5.74,26.17,0.95769,0.93676,0.69079
DEBBAL520000wbss,teilsaniert,4.75,32.41,0.65819,0.63978,0.42345
DEBBAL520000wbYI,unsaniert,141.53,283.8,10.3872,10.16016,7.49241
DEBBAL520000wbwK,vollsaniert,781.33,1126.97,12.3741,12.103629999999999,8.92558
DEBBAL520000wbp4,unsaniert,6.25,49.19,1.80051,1.76115,1.29873
DEBBAL520000wbpW,teilsaniert,162.18,316.37,8.22107,8.04137,5.92995
DEBBAL520000wbur,unsaniert,87.54,209.96,7.68442,7.51645,5.542859999999999
DEBBAL520000wbnp,teilsaniert,287.54,465.87,12.10616,11.84154,8.73231
DEBBAL520000wbqV,unsaniert,185.85,354.55,12.97667,12.69303,9.36022
DEBBAL520000wbsD,unsaniert,13.65,62.33,2.28144,2.23158,1.6456300000000001
DEBBAL520000wbrF,unsaniert,168.29,350.26,12.81966,12.53945,9.24697
DEBBAL520000wbrG,teilsaniert,137.77,290.17,7.54029,7.37548,5.438899999999999
DEBBAL520000wbtc,unsaniert,133.53,259.33,9.49146,9.284,6.8463
DEBBAL520000wbp1,teilsaniert,9.94,34.1,0.88601,0.86665,0.63909
DEBBAL520000wbv0,vollsaniert,11.86,68.66,0.75387,0.73739,0.54377
DEBBAL520000wbrx,teilsaniert,181.5,318.43,8.27467,8.0938,5.96862
DEBBAL520000wbZA,unsaniert,7.09,23.2,0.84897,0.8304199999999999,0.61237
DEBBAL520000wbpn,unsaniert,176.87,349.43,12.78925,12.5097,9.22503
DEBBAL520000wbs4,vollsaniert,9.27,42.34,0.46488,0.45472,0.33532
DEBBAL520000wbZQ,teilsaniert,90.51,209.49,5.44385,5.3248500000000005,3.92671
DEBBAL520000w9Do,teilsaniert,102.42,218.29,5.67258,5.54859,4.0916999999999994
DEBBAL520000Kfj2,vollsaniert,488.8,1763.74,19.36584,18.94254,13.9688
DEBBAL520000wbsd,unsaniert,109.92,174.0,6.368270000000001,6.22907,4.5935
DEBBAL520000wbpm,teilsaniert,99.33,224.29,5.82848,5.70108,4.204149999999999
DEBBAL520000wbrH,unsaniert,215.57,453.34,16.59209,16.22942,11.96806
DEBBAL520000wc0e,unsaniert,246.79,506.91,18.552880000000002,18.14735,13.3824
DEBBAL520000wbpL,unsaniert,63.04,253.48,10.54457,10.341790000000001,7.9591199999999995
DEBBAL520000wbYS,unsaniert,230.2,354.07,12.95894,12.67568,9.347430000000001
DEBBAL520000wbnO,unsaniert,2.1,31.49,0.9006900000000001,0.8755,0.57947
DEBBAL520000wbnK,unsaniert,99.28,234.58,8.58561,8.397950000000002,6.1929
DEBBAL01000bZAtz,vollsaniert,140.84,225.37,2.47453,2.42044,1.7849000000000002
DEBBAL520000wbnD,unsaniert,240.67,673.49,24.64989,24.11109,17.78025
DEBBAL520000wbZ1,vollsaniert,133.27,696.85,7.65137,7.48412,5.51902
DEBBAL520000wbeV,teilsaniert,218.9,405.92,10.54836,10.3178,7.60865
DEBBAL520000wbwD,teilsaniert,113.65,827.26,20.32252,19.85263,14.331479999999999
DEBBAL520000wbq8,teilsaniert,21.14,124.09,2.51973,2.44925,1.62109
DEBBAL520000wbp2,unsaniert,6.79,40.09,1.4671500000000002,1.43508,1.05827
DEBBAL520000wbr1,teilsaniert,231.51,367.67,9.55427,9.34543,6.8916
DEBBAL520000wbsc,unsaniert,158.33,327.21,11.97591,11.714139999999999,8.63836
DEBBAL520000wbZI,unsaniert,225.51,385.5,14.10942,13.80101,10.177280000000001
DEBBAL520000wbYZ,teilsaniert,97.77,211.93,5.507149999999999,5.38677,3.9723699999999997
DEBBAL520000wbux,unsaniert,241.26,429.99,15.73771,15.393709999999999,11.351790000000001
DEBBAL520000wbZH,unsaniert,13.9,74.23,2.1230900000000004,2.0637,1.3659000000000001
DEBBAL520000wbos,teilsaniert,243.01,277.91,7.22179,7.06394,5.20916
DEBBAL520000wbeP,teilsaniert,276.23,470.15,12.21741,11.95036,8.81256
DEBBAL520000wbw3,teilsaniert,207.64,1238.46,30.423959999999997,29.72052,21.45505
DEBBAL520000wbnA,teilsaniert,74.89,146.75,3.8135700000000003,3.7302199999999996,2.75077
DEBBAL520000wbqF,teilsaniert,165.73,334.49,8.69218,8.502180000000001,6.26977
DEBBAL520000wbrE,unsaniert,82.33,187.97,6.87985,6.72947,4.96251
DEBBAL520000wbpk,teilsaniert,163.58,304.21,7.9053,7.73251,5.70219
DEBBAL520000wbnX,teilsaniert,144.51,259.29,6.7378599999999995,6.59058,4.8600900000000005
DEBBAL520000wbtl,unsaniert,125.92,248.89,9.10949,8.91038,6.57078
DEBBAL520000wbrz,unsaniert,152.98,296.09,10.83705,10.60017,7.81689
DEBBAL520000wbpY,unsaniert,4.46,33.35,0.95378,0.9271,0.61362
DEBBAL520000wbo6,unsaniert,206.02,364.45,13.338799999999999,13.04724,9.62143
DEBBAL520000wbov,unsaniert,188.24,356.75,13.05688,12.77148,9.41808
DEBBAL520000wbZr,unsaniert,2.71,19.86,0.72702,0.71113,0.5244099999999999
DEBBAL520000wbrQ,unsaniert,168.77,331.51,12.13344,11.868229999999999,8.75199
DEBBAL520000wbwa,teilsaniert,153.7,880.54,21.63142,21.13127,15.25453
DEBBAL520000wbr7,unsaniert,142.3,295.16,10.80281,10.566690000000001,7.79219
DEBBAL520000wbsa,teilsaniert,108.71,221.05,5.74433,5.6187700000000005,4.14345
DEBBAL520000wbul,unsaniert,111.11,246.05,9.00531,8.80847,6.49563
DEBBAL520000wbrX,unsaniert,56.62,125.1,4.578609999999999,4.47853,3.3026
DEBBAL520000wbpx,unsaniert,16.38,75.46,2.38439,2.32402,1.61474
DEBBAL520000wbwh,unsaniert,101.24,249.85,9.144549999999999,8.94467,6.59607
DEBBAL520000wbZZ,unsaniert,80.59,210.81,7.71554,7.5469,5.56531
DEBBAL520000wbwc,teilsaniert,31.08,216.24,5.31204,5.18921,3.74606
DEBBAL520000wbw6,teilsaniert,126.97,847.66,22.02729,21.54582,15.88854
DEBBAL01000cGoMu,unsaniert,30.91,133.68,4.89269,4.78575,3.52915
DEBBAL520000wbw5,teilsaniert,41.56,286.97,7.04974,6.88674,4.9715
DEBBAL520000wbsZ,unsaniert,99.72,206.24,7.5485,7.38351,5.44482
DEBBAL01000c42ae,unsaniert,40.43,110.76,4.05375,3.96514,2.92402
DEBBAL520000wbre,vollsaniert,131.8,252.24,2.76955,2.70901,1.99771
DEBBAL520000wbpt,unsaniert,128.42,252.86,9.254520000000001,9.05223,6.67539
DEBBAL520000wbZG,vollsaniert,11.68,67.21,0.57664,0.56051,0.37099
DEBBAL520000wbor,teilsaniert,141.44,291.78,7.582140000000001,7.41641,5.46908
DEBBAL520000wbnh,teilsaniert,168.77,326.9,8.4949,8.30922,6.127470000000001
DEBBAL520000wbra,teilsaniert,233.56,389.0,10.108600000000001,9.887649999999999,7.29145
DEBBAL520000wbqq,teilsaniert,144.66,282.1,7.33069,7.17046,5.28771
DEBBAL520000wbsG,teilsaniert,169.72,301.17,7.82628,7.65521,5.6451899999999995
DEBBAL520000wbrV,unsaniert,181.56,355.19,13.00012,12.715969999999999,9.377139999999999
DEBBAL520000wbrt,teilsaniert,241.41,422.15,10.970120000000001,10.73033,7.91287
DEBBAL520000wbsQ,teilsaniert,5.8,32.72,0.6644500000000001,0.64587,0.42748
DEBBAL520000Kfjk,vollsaniert,1943.56,8829.96,110.19788,108.07869000000001,83.17821
DEBBAL520000wbr9,teilsaniert,17.2,89.73,1.8220399999999999,1.77107,1.17222
DEBBAL520000wbsl,teilsaniert,132.41,238.37,6.19424,6.0588500000000005,4.46798
DEBBAL520000wbw2,teilsaniert,10.58,68.61,1.6853900000000002,1.64642,1.18854
DEBBAL520000wbsy,unsaniert,219.55,348.5,12.75524,12.47644,9.2005
DEBBAL520000wbtd,teilsaniert,3.82,41.22,1.0711600000000001,1.04775,0.77264
DEBBAL520000wbub,unsaniert,174.4,335.96,12.29611,12.02734,8.86932
DEBBAL01000cqSAl,unsaniert,36.47,124.35,4.55117,4.4517,3.28281
DEBBAL01000cHbAD,teilsaniert,17.29,52.8,1.37215,1.3421500000000002,0.98975
DEBBAL520000wbZz,unsaniert,80.68,154.24,5.64518,5.52179,4.07193
DEBBAL520000wbo7,unsaniert,40.99,123.7,4.52738,4.42842,3.26565
DEBBAL520000wbuv,unsaniert,512.66,1018.47,37.275870000000005,36.46109,26.88751
DEBBAL520000wbZT,unsaniert,92.85,169.55,6.20545,6.06981,4.47606
DEBBAL520000wbev,teilsaniert,23.42,144.01,3.74228,3.66048,2.69935
DEBBAL520000wbdb,teilsaniert,118.25,220.38,5.72677,5.6016,4.13079
DEBBAL520000wbdR,teilsaniert,38.15,93.56,2.43134,2.3781999999999996,1.75376
DEBBAL520000wbdS,teilsaniert,59.16,149.5,3.88481,3.79989,2.80215
DEBBAL520000wbdo,teilsaniert,204.26,322.06,8.369159999999999,8.18623,6.036770000000001
DEBBAL520000wbdc,teilsaniert,36.52,99.2,2.57792,2.52157,1.85948
DEBBAL520000watD,teilsaniert,351.86,1047.07,27.20916,26.61442,19.626279999999998
DEBBAL520000wbdi,teilsaniert,0.73,4.96,0.11128,0.10845999999999999,0.07536
DEBBAL520000wbdX,teilsaniert,123.27,271.08,7.044359999999999,6.89038,5.081180000000001
DEBBAL520000wau3,teilsaniert,224.58,800.47,19.66438,19.209709999999998,13.867360000000001
DEBBAL520000wbdk,vollsaniert,17.93,82.56,0.70838,0.68857,0.45574000000000003
DEBBAL520000wbd5,teilsaniert,4.02,24.97,0.50712,0.49293,0.32626
DEBBAL520000wbcU,teilsaniert,43.17,212.51,5.220560000000001,5.09985,3.68155
DEBBAL520000wbde,teilsaniert,83.32,169.48,4.40421,4.30795,3.17681
DEBBAL520000wbdU,teilsaniert,4.94,25.61,0.5199600000000001,0.50542,0.33452
DEBBAL520000wbdG,teilsaniert,115.02,255.46,6.6384099999999995,6.4933000000000005,4.78836
DEBBAL520000wbdI,teilsaniert,12.82,56.29,1.14297,1.111,0.73534
DEBBAL520000wbeu,teilsaniert,23.3,141.11,3.6669,3.58675,2.64498
DEBBAL520000wbdN,teilsaniert,116.3,255.8,6.64729,6.50199,4.794770000000001
DEBBAL010009r09W,vollsaniert,289.74,440.38,4.835319999999999,4.72963,3.4877800000000003
DEBBAL520000wbdF,teilsaniert,27.78,160.17,3.25241,3.1614299999999997,2.09246
DEBBAL520000wbd2,teilsaniert,8.68,50.45,1.0244000000000002,0.99575,0.6590499999999999
DEBBAL01000asrmG,teilsaniert,93.63,195.98,5.09285,4.981529999999999,3.6735300000000004
DEBBAL520000wbeK,vollsaniert,19.83,95.57,1.04935,1.02642,0.75691
DEBBAL520000wbdd,teilsaniert,41.31,107.05,2.78179,2.7209899999999996,2.0065399999999998
DEBBAL520000wbe9,teilsaniert,26.7,180.8,4.69832,4.59562,3.38895
DEBBAL520000wbds,unsaniert,130.6,272.42,9.97052,9.75259,7.1918500000000005
DEBBAL520000wbcR,vollsaniert,15.04,84.05,0.9228500000000001,0.9026799999999999,0.66567
DEBBAL520000wbee,teilsaniert,26.38,168.88,4.3885,4.2925699999999996,3.16547
DEBBAL520000wbeJ,teilsaniert,8.17,54.15,1.40709,1.3763299999999998,1.01495
DEBBAL520000wbdz,teilsaniert,5.68,32.03,0.6504500000000001,0.63226,0.41847
DEBBAL520000wbeh,teilsaniert,26.94,193.94,5.03984,4.92968,3.6353
DEBBAL520000wbep,teilsaniert,21.63,96.25,2.5011,2.44643,1.8040699999999998
DEBBAL520000wben,vollsaniert,24.33,205.94,2.26117,2.21175,1.63101
DEBBAL520000wbdW,teilsaniert,123.32,271.56,7.05683,6.90259,5.09017
DEBBAL520000wbe7,teilsaniert,52.04,245.32,6.37481,6.23547,4.59822
DEBBAL520000wbdx,teilsaniert,86.1,208.3,5.4129700000000005,5.29465,3.9044299999999996
DEBBAL520000wbea,teilsaniert,38.2,229.42,5.961810000000001,5.8315,4.30032
DEBBAL520000wbdf,teilsaniert,39.87,145.43,3.7792600000000003,3.69665,2.72602
DEBBAL520000wbef,teilsaniert,28.19,215.87,5.60956,5.48694,4.04624
DEBBAL520000wbec,teilsaniert,30.2,214.26,5.567699999999999,5.446,4.01604
DEBBAL520000wbdh,teilsaniert,3.32,27.38,0.55589,0.54034,0.35763
DEBBAL520000wbd9,teilsaniert,16.97,79.73,2.0718400000000003,2.02655,1.49444
DEBBAL520000wbed,teilsaniert,28.54,170.3,4.42542,4.32869,3.19211
DEBBAL520000wbeb,teilsaniert,21.27,118.49,3.079,3.0117,2.22092
DEBBAL520000wbej,teilsaniert,50.4,156.54,4.06796,3.97905,2.93427
DEBBAL520000wbet,teilsaniert,51.04,259.15,6.73426,6.58706,4.8575
DEBBAL520000wbe8,teilsaniert,26.08,146.2,3.79917,3.71613,2.7403899999999997
DEBBAL520000wbei,teilsaniert,30.63,180.91,4.701,4.59825,3.3908899999999997
DEBBAL520000wbeo,vollsaniert,25.16,141.2,1.55043,1.51654,1.11834
DEBBAL520000wbeg,teilsaniert,24.21,171.46,4.45548,4.35809,3.21379
DEBBAL520000wbes,teilsaniert,51.65,183.06,4.7569799999999995,4.65301,3.43127
DEBBAL520000waul,teilsaniert,389.3,1224.39,31.817040000000002,31.12159,22.95
DEBBAL520000wbd4,teilsaniert,68.04,175.71,4.56604,4.46624,3.29354
DEBBAL520000wbcS,teilsaniert,79.74,163.73,4.2546800000000005,4.1616800000000005,3.0689499999999996
DEBBAL520000wbdl,teilsaniert,256.34,372.18,9.67146,9.46006,6.97614
DEBBAL520000wbmi,unsaniert,171.76,384.38,14.068280000000001,13.76078,10.14761
DEBBAL520000wbSz,teilsaniert,158.54,345.66,8.98225,8.78592,6.479
DEBBAL520000wbV5,unsaniert,1.78,9.25,0.33873000000000003,0.33132,0.24433000000000002
DEBBAL520000wbkR,teilsaniert,144.32,283.8,7.37482,7.21362,5.31954
DEBBAL520000wbVV,vollsaniert,27.49,121.7,1.0441500000000001,1.01494,0.67176
DEBBAL520000wbT6,unsaniert,210.82,414.38,15.16618,14.83468,10.939540000000001
DEBBAL520000wbmF,unsaniert,20.17,95.79,2.73968,2.66305,1.7625899999999999
DEBBAL520000wbVU,teilsaniert,116.49,254.31,6.6084499999999995,6.464,4.76675
DEBBAL520000wblD,unsaniert,135.2,271.58,9.93992,9.72265,7.169779999999999
DEBBAL520000wbWN,unsaniert,157.65,309.6,11.33141,11.08373,8.17348
DEBBAL520000wbU7,unsaniert,151.35,282.95,10.35614,10.12978,7.47001
DEBBAL520000wbct,vollsaniert,23.57,185.24,2.03391,1.98945,1.46708
DEBBAL520000wbW1,teilsaniert,3.56,25.01,0.6499299999999999,0.63573,0.4688
DEBBAL520000wbV2,unsaniert,9.75,51.09,1.87008,1.8292,1.34891
DEBBAL520000wbcA,vollsaniert,32.27,110.4,1.21224,1.18574,0.8744
DEBBAL520000wbWj,unsaniert,113.05,240.1,8.787540000000002,8.59546,6.338550000000001
DEBBAL520000wblt,unsaniert,6.82,38.48,1.40847,1.37769,1.0159500000000001
DEBBAL520000wblp,unsaniert,178.97,381.99,13.98083,13.675229999999999,10.08453
DEBBAL520000wbbZ,teilsaniert,57.1,299.91,6.08988,5.91954,3.91797
DEBBAL520000wbSx,vollsaniert,33.55,100.78,1.10652,1.08233,0.79815
DEBBAL520000wbm0,unsaniert,199.78,361.18,13.21912,12.93018,9.535110000000001
DEBBAL520000wbkq,teilsaniert,260.7,471.28,12.24668,11.97899,8.83367
DEBBAL520000wbSq,unsaniert,212.63,388.3,14.2117,13.90106,10.251059999999999
DEBBAL520000wbkI,teilsaniert,13.6,69.41,1.80367,1.76425,1.30101
DEBBAL520000wbbA,vollsaniert,2.36,16.04,0.15202000000000002,0.14817,0.10295
DEBBAL520000wbmr,unsaniert,19.3,62.06,2.2715300000000003,2.22188,1.63848
DEBBAL520000wbn2,unsaniert,90.53,567.16,19.62378,19.17005,13.83873
DEBBAL520000wbSN,unsaniert,169.87,344.46,12.60735,12.33178,9.09383
DEBBAL520000wbV1,unsaniert,3.07,14.62,0.4621,0.45041000000000003,0.31294
DEBBAL520000wbl4,vollsaniert,14.35,74.94,0.6429900000000001,0.62501,0.41367000000000004
DEBBAL520000wbWX,unsaniert,175.97,319.85,11.70638,11.4505,8.443950000000001
DEBBAL520000wbTO,unsaniert,215.27,421.18,15.415149999999999,15.0782,11.11912
DEBBAL520000wbTv,vollsaniert,179.63,393.39,4.3194,4.2249799999999995,3.11563
DEBBAL520000wbVz,unsaniert,149.99,333.59,12.20931,11.942440000000001,8.806719999999999
DEBBAL520000wbph,unsaniert,148.05,247.41,9.05505,8.85713,6.53151
DEBBAL520000wbYD,teilsaniert,341.81,590.02,15.33229,14.99716,11.05936
DEBBAL520000wbkS,teilsaniert,159.9,316.99,8.237200000000001,8.05715,5.94158
DEBBAL01000bZnI1,unsaniert,169.33,336.58,12.31883,12.04956,8.88571
DEBBAL520000wbVX,vollsaniert,13.6,55.3,0.60724,0.59396,0.43801
DEBBAL520000wbRM,vollsaniert,69.68,275.59,2.86065,2.7945100000000003,2.01734
DEBBAL520000wbUU,unsaniert,4.49,30.48,1.1154300000000001,1.09104,0.80457
DEBBAL520000wbV9,teilsaniert,6.93,32.22,0.83739,0.81909,0.60402
DEBBAL520000wbcc,vollsaniert,26.43,89.93,0.98742,0.96584,0.71224
DEBBAL520000wbT7,teilsaniert,116.55,312.93,8.13181,7.95407,5.86557
DEBBAL520000wbcD,vollsaniert,36.55,119.54,1.31257,1.2838800000000001,0.94677
DEBBAL520000wbS2,teilsaniert,152.1,316.59,8.226790000000001,8.04697,5.93408
DEBBAL520000wbl2,vollsaniert,11.76,64.09,0.5498999999999999,0.53452,0.35378
DEBBAL520000wbcF,vollsaniert,25.42,116.6,1.2802799999999999,1.2523,0.92348
DEBBAL520000wbV4,unsaniert,1.89,15.86,0.58037,0.56769,0.41863
DEBBAL520000wbTI,teilsaniert,162.88,350.65,9.11205,8.91288,6.57263
DEBBAL520000wbbn,teilsaniert,113.55,211.68,5.50067,5.380439999999999,3.9677
DEBBAL520000wblq,unsaniert,141.55,286.94,10.5019,10.272350000000001,7.57514
DEBBAL520000wbVu,unsaniert,253.75,390.73,14.30073,13.98814,10.315280000000001
DEBBAL520000wbYE,unsaniert,13.43,63.88,2.2101100000000002,2.1590100000000003,1.5585799999999999
DEBBAL520000wblb,unsaniert,202.59,456.07,16.692040000000002,16.32719,12.04016
DEBBAL520000wbVM,vollsaniert,99.72,218.82,2.40265,2.35013,1.73306
DEBBAL520000wbmx,teilsaniert,16.48,65.23,1.69505,1.658,1.22266
DEBBAL520000wbcI,unsaniert,15.49,89.28,3.26771,3.19629,2.35704
DEBBAL520000wbmW,unsaniert,12.54,92.02,3.36804,3.29442,2.4294000000000002
DEBBAL520000wbYC,unsaniert,200.81,699.7,24.20977,23.650009999999998,17.07279
DEBBAL520000wbVR,vollsaniert,173.92,343.56,3.7723299999999997,3.68987,2.7210199999999998
DEBBAL520000wbbV,teilsaniert,230.82,462.13,12.00887,11.746379999999998,8.66213
DEBBAL520000wbUW,vollsaniert,6.82,38.73,0.4253,0.416,0.30677
DEBBAL520000wbYi,vollsaniert,14.7,67.0,0.73566,0.71958,0.53064
DEBBAL520000wbk6,unsaniert,146.44,280.24,10.2568,10.03261,7.398350000000001
DEBBAL520000wbbT,unsaniert,71.85,225.44,8.251040000000001,8.070689999999999,5.951569999999999
DEBBAL520000wbTP,unsaniert,136.93,297.92,10.90372,10.665389999999999,7.864979999999999
DEBBAL520000wbWy,unsaniert,147.83,285.92,10.46476,10.23602,7.54835
DEBBAL520000wbUr,unsaniert,114.38,218.65,8.00259,7.82767,5.77236
DEBBAL520000wbRN,vollsaniert,27.8,162.39,1.7830599999999999,1.74409,1.28614
DEBBAL520000wbVK,unsaniert,7.7,39.73,1.4541300000000001,1.42235,1.04888
DEBBAL520000wbXd,unsaniert,26.9,99.98,3.65922,3.57924,2.63944
DEBBAL520000wbU4,teilsaniert,146.12,300.84,7.81753,7.64666,5.63887
DEBBAL520000wbSy,vollsaniert,176.0,368.08,4.04157,3.95323,2.91523
DEBBAL520000wbly,unsaniert,200.55,393.58,14.40494,14.09008,10.390450000000001
DEBBAL520000wbkK,teilsaniert,254.13,434.56,11.29238,11.045549999999999,8.14532
DEBBAL520000wbSr,unsaniert,264.94,481.6,17.6267,17.241419999999998,12.71434
DEBBAL520000wbVF,unsaniert,97.1,211.61,7.7447799999999996,7.5755,5.586399999999999
DEBBAL520000wbSM,unsaniert,216.84,427.77,15.65622,15.31401,11.29301
DEBBAL520000wbki,unsaniert,141.18,257.16,9.41199,9.20626,6.78898
DEBBAL520000wbRY,teilsaniert,228.45,445.72,11.58249,11.32932,8.35459
DEBBAL520000wbVS,vollsaniert,11.72,75.3,0.6460499999999999,0.62798,0.41564
DEBBAL520000wbTQ,unsaniert,153.2,326.48,11.949,11.68782,8.61895
DEBBAL520000wbbq,teilsaniert,23.72,134.97,3.5073600000000003,3.4307,2.5299
DEBBAL520000wbTi,teilsaniert,22.28,111.55,3.29463,3.23127,2.4868099999999997
DEBBAL520000wbTH,teilsaniert,159.11,292.29,7.59534,7.42932,5.47861
DEBBAL520000wblG,unsaniert,124.99,313.45,11.47223,11.22147,8.275049999999998
DEBBAL520000wbUT,unsaniert,3.8,36.04,1.31899,1.29016,0.9514
DEBBAL520000wbVa,unsaniert,140.78,245.78,8.995379999999999,8.79876,6.48847
DEBBAL520000wbmp,teilsaniert,7.08,36.13,0.73362,0.71309,0.47198
DEBBAL520000wbXk,unsaniert,48.48,130.32,4.76959,4.6653400000000005,3.44036
DEBBAL520000wblU,unsaniert,6.82,36.96,1.35266,1.3230899999999999,0.9756900000000001
DEBBAL520000wbbF,teilsaniert,108.01,200.4,5.20754,5.09372,3.75626
DEBBAL520000wbm8,unsaniert,196.15,438.72,16.05711,15.70613,11.582180000000001
DEBBAL520000wbkF,unsaniert,205.96,452.09,16.54646,16.18479,11.93515
DEBBAL520000wbUX,unsaniert,5.92,42.44,1.5531700000000002,1.51922,1.12032
DEBBAL520000wbl6,teilsaniert,176.86,374.37,9.728459999999998,9.51582,7.01725
DEBBAL520000wbkC,teilsaniert,305.4,514.69,13.3747,13.08235,9.64732
DEBBAL520000wbRR,teilsaniert,282.92,524.95,13.64126,13.34309,9.83959
DEBBAL520000wbVv,vollsaniert,132.49,244.5,2.68456,2.62588,1.9364000000000001
DEBBAL520000wblC,unsaniert,138.22,280.29,10.25877,10.03453,7.39977
DEBBAL520000wbc7,unsaniert,27.43,87.9,2.51396,2.44364,1.61737
DEBBAL520000wbS7,unsaniert,54.04,267.63,9.795309999999999,9.581209999999999,7.06547
DEBBAL520000wbSB,unsaniert,141.93,276.57,10.12238,9.901129999999998,7.3013900000000005
DEBBAL520000wbXs,unsaniert,201.08,364.45,13.33891,13.04735,9.62151
DEBBAL520000wbTj,unsaniert,135.61,272.34,9.967780000000001,9.74991,7.1898800000000005
DEBBAL520000wbVZ,vollsaniert,5.62,32.33,0.35502999999999996,0.34726999999999997,0.25609
DEBBAL520000wbUv,teilsaniert,140.31,276.3,7.1799,7.02296,5.17894
DEBBAL520000wbTR,unsaniert,174.3,339.28,12.41766,12.14624,8.957
DEBBAL520000wbbw,vollsaniert,37.91,123.1,1.35163,1.32208,0.9749500000000001
DEBBAL520000wblT,unsaniert,142.74,300.38,10.99408,10.753770000000001,7.930149999999999
DEBBAL520000wbmj,unsaniert,50.33,166.22,5.25266,5.119680000000001,3.55718
DEBBAL520000wbk9,unsaniert,31.75,160.54,5.55456,5.42614,3.91709
DEBBAL520000wbXg,unsaniert,4.89,30.73,1.12459,1.10001,0.8111799999999999
DEBBAL520000wbcE,vollsaniert,21.59,95.95,1.05351,1.03048,0.75991
DEBBAL520000wbXr,unsaniert,15.28,72.7,2.07933,2.02117,1.33775
DEBBAL520000wblr,unsaniert,68.55,192.58,7.04836,6.8943,5.08406
DEBBAL520000wbmc,unsaniert,172.16,363.01,13.286280000000001,12.99586,9.583540000000001
DEBBAL520000wbZ8,unsaniert,407.2,499.25,18.272689999999997,17.87329,13.180299999999999
DEBBAL520000wbVl,unsaniert,179.46,326.78,11.9601,11.69868,8.626959999999999
DEBBAL520000wbXp,unsaniert,13.63,70.76,2.02373,1.96712,1.30198
DEBBAL520000wbXm,unsaniert,100.75,199.01,7.28374,7.12453,5.25384
DEBBAL520000wbSH,teilsaniert,118.43,229.64,5.96744,5.837,4.30438
DEBBAL520000wbXA,unsaniert,29.62,150.8,5.21775,5.09711,3.67957
DEBBAL520000wbkO,teilsaniert,14.44,76.55,1.5543399999999998,1.5108599999999999,0.99999
DEBBAL520000wbSL,unsaniert,148.76,315.44,11.54517,11.292819999999999,8.32766
DEBBAL520000wblj,unsaniert,33.57,95.84,3.50766,3.43099,2.53011
DEBBAL520000wbWc,vollsaniert,123.83,243.79,2.67686,2.61835,1.93085
DEBBAL520000wbSh,unsaniert,170.45,313.71,11.481950000000001,11.230979999999999,8.28206
DEBBAL520000wbbo,teilsaniert,210.06,450.0,11.69366,11.43806,8.43477
DEBBAL520000wbWu,teilsaniert,4.65,29.38,0.76335,0.74666,0.55061
DEBBAL520000wbbl,vollsaniert,164.97,310.34,3.40757,3.3330900000000003,2.45792
DEBBAL520000wbWL,unsaniert,4.62,30.86,0.88252,0.85784,0.56778
DEBBAL520000wbTl,teilsaniert,112.51,271.96,7.0672299999999995,6.9127600000000005,5.09767
DEBBAL520000wbTN,unsaniert,157.99,343.58,12.575,12.300139999999999,9.07049
DEBBAL520000wbl1,teilsaniert,136.49,262.34,6.817069999999999,6.6680600000000005,4.91723
DEBBAL520000wbUN,unsaniert,6.82,34.62,0.9900399999999999,0.96235,0.63695
DEBBAL520000wbTZ,teilsaniert,273.63,505.36,13.13226,12.84522,9.47245
DEBBAL520000wbWg,teilsaniert,118.48,230.45,5.988359999999999,5.85746,4.31947
DEBBAL520000wbSd,unsaniert,178.57,355.07,12.995379999999999,12.71133,9.373719999999999
DEBBAL520000wbmQ,unsaniert,88.19,549.14,19.00016,18.56085,13.398959999999999
DEBBAL520000wbSg,unsaniert,164.25,319.6,11.69727,11.44159,8.437370000000001
DEBBAL520000wbke,unsaniert,133.56,227.2,8.31542,8.133659999999999,5.998
DEBBAL010009uhWx,unsaniert,171.74,230.0,8.417969999999999,8.23397,6.07198
DEBBAL520000wblK,unsaniert,21.33,92.18,2.6364099999999997,2.5626599999999997,1.69615
DEBBAL520000wbWV,unsaniert,137.81,283.99,10.39414,10.16695,7.4974099999999995
DEBBAL520000wbbs,teilsaniert,325.98,622.59,16.178729999999998,15.82509,11.6699
DEBBAL520000wbbt,vollsaniert,183.78,349.13,3.83345,3.74966,2.76511
DEBBAL520000wbky,teilsaniert,6.02,32.18,0.65344,0.63516,0.4204
DEBBAL520000wbSc,unsaniert,147.86,322.96,11.82036,11.56199,8.526159999999999
DEBBAL520000wbVq,teilsaniert,163.62,292.45,7.599489999999999,7.4333800000000005,5.4816
DEBBAL520000wbX5,unsaniert,13.59,72.2,2.06502,2.00726,1.32855
DEBBAL520000wbUV,unsaniert,4.79,34.46,1.0888,1.06124,0.7373500000000001
DEBBAL520000wbZn,unsaniert,30.76,112.57,3.21964,3.12958,2.07138
DEBBAL520000wbWW,unsaniert,118.14,237.73,8.70109,8.5109,6.2762
DEBBAL520000wbRS,teilsaniert,142.95,262.13,6.8118,6.66291,4.91343
DEBBAL520000wbV0,unsaniert,2.92,19.01,0.6959500000000001,0.68074,0.502
DEBBAL520000wblo,unsaniert,120.32,267.96,9.80725,9.592889999999999,7.07408
DEBBAL520000wbWA,unsaniert,23.51,195.22,6.75476,6.59858,4.76347
DEBBAL520000wbRH,unsaniert,126.73,252.15,9.22866,9.02694,6.65674
DEBBAL520000wbc3,teilsaniert,222.98,383.24,9.95875,9.74107,7.1833599999999995
DEBBAL520000wbVC,unsaniert,97.55,213.09,7.79911,7.628640000000001,5.62559
DEBBAL520000wblM,unsaniert,173.33,299.35,10.956290000000001,10.716809999999999,7.9029
DEBBAL520000wbVY,vollsaniert,390.79,603.2,6.62312,6.478350000000001,4.77733
DEBBAL520000wbmd,unsaniert,195.87,378.3,13.84567,13.54303,9.98704
DEBBAL520000wbUa,unsaniert,10.22,69.14,2.8764000000000003,2.8210900000000003,2.1711300000000002
DEBBAL520000wbSI,teilsaniert,166.89,266.19,6.9173100000000005,6.766109999999999,4.98954
DEBBAL520000wbbD,teilsaniert,247.79,420.43,10.92542,10.68661,7.88063
DEBBAL520000wbTd,teilsaniert,161.22,351.58,9.13603,8.93633,6.58992
DEBBAL520000wbT1,unsaniert,170.3,343.63,12.576690000000001,12.30179,9.07171
DEBBAL520000wbbE,teilsaniert,106.49,277.49,7.2109700000000005,7.05335,5.201350000000001
DEBBAL520000wbX3,unsaniert,25.51,170.67,5.905189999999999,5.76865,4.164350000000001
DEBBAL520000wbUM,unsaniert,183.45,294.27,10.770290000000001,10.53488,7.76874
DEBBAL520000wbVG,unsaniert,6.55,35.16,1.28687,1.25875,0.92824
DEBBAL520000wbWM,teilsaniert,4.28,26.83,0.69733,0.6820900000000001,0.50299
DEBBAL520000wbkm,unsaniert,162.3,323.81,11.85133,11.59228,8.5485
DEBBAL520000wbS1,teilsaniert,171.08,331.29,8.60882,8.42065,6.20964
DEBBAL520000wbls,unsaniert,9.21,55.34,2.02553,1.98126,1.46104
DEBBAL520000wbn7,unsaniert,10.71,57.98,2.12198,2.0756,1.5306099999999998
DEBBAL520000wbSC,teilsaniert,186.01,358.04,9.30414,9.10077,6.711180000000001
DEBBAL520000wbUE,unsaniert,131.38,271.81,9.94815,9.730709999999998,7.17572
DEBBAL520000wbne,unsaniert,10.4,74.14,2.71364,2.65433,1.9573800000000001
DEBBAL520000wbRL,unsaniert,136.7,277.09,10.14166,9.919979999999999,7.315300000000001
DEBBAL520000wbcz,vollsaniert,23.76,151.58,1.6643,1.62792,1.20048
DEBBAL520000wbn5,unsaniert,57.12,374.09,12.943629999999999,12.64436,9.12788
DEBBAL520000wblZ,unsaniert,6.97,46.28,1.69367,1.6566500000000002,1.2216600000000002
DEBBAL520000wbmk,unsaniert,25.71,75.36,2.7582199999999997,2.69793,1.98953
DEBBAL520000wbT8,teilsaniert,252.15,434.53,11.29167,11.04486,8.14481
DEBBAL520000wbl3,vollsaniert,6.02,33.84,0.29035,0.28223000000000004,0.18680000000000002
DEBBAL520000wbbJ,teilsaniert,9.19,53.81,1.0926300000000002,1.0620699999999998,0.7029500000000001
DEBBAL520000wblQ,unsaniert,17.31,68.18,1.9498199999999999,1.89528,1.2544300000000002
DEBBAL520000wbYl,unsaniert,17.0,107.76,3.9439,3.8577,2.84478
DEBBAL520000wbXy,unsaniert,22.73,144.61,5.29279,5.1771,3.81775
DEBBAL520000wbVI,teilsaniert,48.02,261.01,6.78261,6.63436,4.89238
DEBBAL520000wbcC,vollsaniert,42.14,135.26,1.4852100000000001,1.45274,1.0713
DEBBAL520000wbcf,vollsaniert,22.11,110.64,1.21481,1.18826,0.87626
DEBBAL520000wbWF,unsaniert,20.01,69.18,2.5321100000000003,2.47676,1.82644
DEBBAL520000wblH,unsaniert,203.16,428.82,15.694790000000001,15.35174,11.32084
DEBBAL520000wbmB,unsaniert,12.69,56.46,2.0663,2.02114,1.49045
DEBBAL520000wbT0,teilsaniert,214.84,368.21,9.56842,9.35927,6.90181
DEBBAL520000wbdO,teilsaniert,161.44,378.65,9.83952,9.624450000000001,7.09736
DEBBAL520000wbTk,teilsaniert,174.67,308.93,8.02781,7.85234,5.7905500000000005
DEBBAL520000wbWZ,teilsaniert,5.58,33.93,0.88183,0.8625499999999999,0.63607
DEBBAL520000wbTu,teilsaniert,214.05,448.84,11.663590000000001,11.40864,8.41308
DEBBAL520000wbVW,teilsaniert,7.71,43.54,0.88409,0.85936,0.56878
DEBBAL520000wbV3,unsaniert,1.4,8.73,0.31962999999999997,0.31265,0.23056000000000001
DEBBAL520000wbcv,vollsaniert,23.33,125.56,1.3785999999999998,1.34846,0.9944
DEBBAL520000wbkk,teilsaniert,148.71,288.67,7.50125,7.33729,5.41074
DEBBAL520000wbVO,vollsaniert,29.22,104.94,1.15229,1.1271,0.83116
DEBBAL520000wbVT,vollsaniert,89.82,219.4,2.40903,2.35638,1.73766
DEBBAL520000wbnd,unsaniert,6.55,24.93,0.9125,0.8925599999999999,0.6582
DEBBAL520000wbW4,unsaniert,163.17,377.68,13.8231,13.520950000000001,9.97076
DEBBAL520000wbX6,unsaniert,184.54,386.14,14.132620000000001,13.823709999999998,10.19402
DEBBAL520000wbXC,unsaniert,118.32,250.41,9.16511,8.964780000000001,6.6109
DEBBAL520000wbli,teilsaniert,15.34,82.54,1.67597,1.62909,1.07825
DEBBAL520000wbc0,teilsaniert,37.39,215.73,5.29971,5.17718,3.73737
DEBBAL520000wbU3,teilsaniert,166.73,323.76,8.41324,8.22935,6.068569999999999
DEBBAL520000wbUy,teilsaniert,22.03,90.78,2.35888,2.3073200000000003,1.70149
DEBBAL520000wbkj,teilsaniert,169.53,281.69,7.319979999999999,7.159979999999999,5.27999
DEBBAL520000wbUt,vollsaniert,375.39,1165.19,12.79374,12.514100000000001,9.22827
DEBBAL520000wbbX,teilsaniert,172.83,403.47,10.48459,10.25542,7.56266
DEBBAL520000wbWO,unsaniert,138.4,325.12,11.89923,11.63914,8.58305
DEBBAL520000wbkb,unsaniert,309.07,598.79,21.915830000000003,21.436799999999998,15.80814
DEBBAL520000wbTc,teilsaniert,138.04,332.88,8.65034,8.46126,6.23959
DEBBAL520000wbmw,teilsaniert,30.96,132.41,3.44088,3.36567,2.48195
DEBBAL520000wbWq,unsaniert,22.5,99.72,2.8519699999999997,2.7721999999999998,1.83483
DEBBAL520000wbRX,teilsaniert,226.18,465.69,12.101420000000001,11.8369,8.72889
DEBBAL520000wblh,unsaniert,123.48,248.74,9.10375,8.90476,6.5666400000000005
DEBBAL520000wbmg,teilsaniert,45.57,158.71,3.22278,3.1326300000000002,2.0734
DEBBAL520000wbY4,unsaniert,249.15,389.03,14.23866,13.927430000000001,10.27051
DEBBAL520000wbmh,unsaniert,5.04,27.98,1.0241500000000001,1.00177,0.73873
DEBBAL520000wbXo,unsaniert,24.7,95.99,3.5131799999999997,3.43639,2.5341
DEBBAL520000wbmb,unsaniert,13.15,67.01,2.11747,2.06387,1.43398
DEBBAL520000wbW9,teilsaniert,13.96,77.92,1.58232,1.53806,1.018
DEBBAL520000wbkx,unsaniert,3.85,25.64,0.93852,0.918,0.67696
DEBBAL010008eROn,unsaniert,79.52,225.66,8.25922,8.07869,5.95747
DEBBAL520000wblS,unsaniert,9.64,51.15,1.87198,1.83106,1.35028
DEBBAL520000wbkE,teilsaniert,209.19,372.43,9.677950000000001,9.46641,6.98082
DEBBAL520000wbcy,vollsaniert,24.51,194.57,2.13637,2.08967,1.54099
DEBBAL520000wbnf,unsaniert,12.08,82.3,3.01212,2.9462800000000002,2.1726799999999997
DEBBAL520000wbUR,vollsaniert,5.68,56.97,0.71093,0.69726,0.53662
DEBBAL520000wbm5,unsaniert,17.38,68.05,2.4906599999999997,2.4362199999999996,1.79654
DEBBAL520000wbm7,unsaniert,35.42,143.8,4.544029999999999,4.429,3.07729
DEBBAL520000wbbC,vollsaniert,184.9,348.78,3.82961,3.74591,2.76234
DEBBAL520000wbUY,unsaniert,6.76,38.47,1.4081,1.37733,1.01568
DEBBAL520000wbV7,teilsaniert,2.03,11.01,0.2862,0.27994,0.20643999999999998
DEBBAL520000wbU0,unsaniert,29.28,139.64,5.11075,4.99904,3.68644
DEBBAL01000aElZc,unsaniert,36.2,108.37,3.9663600000000003,3.87966,2.86098
DEBBAL520000wbmn,unsaniert,43.02,138.8,5.07999,4.96896,3.66426
DEBBAL520000wbVt,unsaniert,181.45,426.8,15.62082,15.27938,11.267479999999999
DEBBAL520000wblc,teilsaniert,156.96,279.33,7.2587,7.10004,5.23579
DEBBAL520000wbWS,unsaniert,25.47,94.43,3.45613,3.38059,2.49295
DEBBAL520000wbkL,unsaniert,4.39,25.91,0.74107,0.72034,0.47676999999999997
DEBBAL520000wbT3,teilsaniert,25.2,150.64,4.44945,4.36388,3.35848
DEBBAL520000wbW3,vollsaniert,202.41,304.35,3.34177,3.26873,2.41046
DEBBAL520000wbTs,unsaniert,269.92,486.47,17.80485,17.41567,12.84284
DEBBAL520000wbV8,teilsaniert,1.75,16.78,0.43607999999999997,0.42654000000000003,0.31455
DEBBAL520000wbVy,vollsaniert,11.29,55.15,0.6055499999999999,0.5923099999999999,0.43679
DEBBAL520000wbTx,vollsaniert,83.24,180.33,1.98001,1.93673,1.4282000000000001
DEBBAL01000arQnc,unsaniert,37.8,91.13,3.33534,3.2624400000000002,2.4058200000000003
DEBBAL520000wbVB,vollsaniert,39.9,114.61,1.2584300000000002,1.23092,0.9077200000000001
DEBBAL520000wbVL,unsaniert,16.42,67.71,2.47824,2.42407,1.78758
DEBBAL520000wble,teilsaniert,163.46,295.55,7.68023,7.5123500000000005,5.53984
DEBBAL520000wbS3,teilsaniert,101.76,205.55,5.34134,5.22459,3.85277
DEBBAL520000wbXt,unsaniert,125.54,277.76,10.16616,9.943940000000001,7.33296
DEBBAL520000wbcr,vollsaniert,22.86,175.63,1.92842,1.88627,1.39099
DEBBAL520000wblX,unsaniert,137.5,278.98,10.210780000000002,9.98759,7.36515
DEBBAL520000wbVk,unsaniert,185.26,366.79,13.424389999999999,13.13096,9.683159999999999
DEBBAL520000wbV6,teilsaniert,1.27,12.23,0.31785,0.31091,0.22927
DEBBAL520000wbXV,unsaniert,19.41,69.86,2.55701,2.50112,1.8444
DEBBAL520000wbSi,unsaniert,174.73,341.98,12.51633,12.24275,9.02817
DEBBAL520000wbSp,unsaniert,255.09,543.74,19.90073,19.46574,14.35462
DEBBAL520000wbXl,unsaniert,8.63,42.84,1.56795,1.53367,1.13098
DEBBAL520000wbXh,unsaniert,120.36,237.84,8.70491,8.51464,6.27895
DEBBAL520000wbcu,vollsaniert,21.81,139.48,1.53151,1.49803,1.10469
DEBBAL520000wbWe,unsaniert,11.92,57.09,2.0896500000000002,2.04397,1.50729
DEBBAL520000wbkp,unsaniert,107.71,218.69,8.00396,7.82901,5.773350000000001
DEBBAL520000wbcs,vollsaniert,23.34,176.3,1.9358199999999999,1.8935,1.3963299999999998
DEBBAL520000wbWB,unsaniert,142.9,283.84,10.38836,10.161299999999999,7.49325
DEBBAL520000wbZq,unsaniert,119.34,241.31,8.832030000000001,8.63898,6.370640000000001
DEBBAL520000wbmG,unsaniert,16.39,95.91,3.51035,3.43362,2.5320500000000004
DEBBAL520000wbU9,teilsaniert,14.61,85.65,2.22563,2.17698,1.60537
DEBBAL520000wbk7,unsaniert,12.48,77.05,2.81987,2.75823,2.034
DEBBAL520000wbT2,unsaniert,186.63,365.6,13.38096,13.088479999999999,9.65184
DEBBAL520000wbSj,unsaniert,222.36,414.09,15.15555,14.82428,10.93187
DEBBAL520000wbVi,teilsaniert,160.77,357.62,9.29311,9.089979999999999,6.70323
DEBBAL520000wblN,unsaniert,36.39,178.91,5.11694,4.97381,3.29202
DEBBAL520000wblL,unsaniert,108.83,223.29,8.17233,7.9937,5.8947899999999995
DEBBAL520000wbTo,teilsaniert,149.95,286.59,7.4473,7.2845200000000006,5.37182
DEBBAL520000wbRJ,teilsaniert,155.44,353.24,9.17919,8.978549999999998,6.621060000000001
DEBBAL520000wbVw,unsaniert,198.08,358.1,13.10656,12.82008,9.45391
DEBBAL520000wbn9,unsaniert,5.73,41.53,1.51998,1.48676,1.0963800000000001
DEBBAL520000wbcd,vollsaniert,21.81,102.68,1.12742,1.1027799999999999,0.81322
DEBBAL520000wbWi,teilsaniert,11.68,57.37,1.4907000000000001,1.4581199999999999,1.0752599999999999
DEBBAL520000wbRQ,teilsaniert,189.17,392.17,10.190850000000001,9.9681,7.350779999999999
DEBBAL520000wbkB,vollsaniert,143.69,263.32,2.89127,2.82808,2.08551
DEBBAL520000wbVp,teilsaniert,20.52,56.5,1.4683199999999998,1.43622,1.05911
DEBBAL520000wbWE,unsaniert,113.87,237.95,8.70905,8.518690000000001,6.28194
DEBBAL520000wbmJ,unsaniert,18.1,93.24,3.4126,3.338,2.46154
DEBBAL520000wbXb,unsaniert,119.28,238.78,8.73941,8.54839,6.30384
DEBBAL520000wblW,unsaniert,183.9,365.18,13.36566,13.07352,9.64081
DEBBAL520000wbSJ,teilsaniert,154.05,277.3,7.20583,7.04833,5.197649999999999
DEBBAL520000wbVA,unsaniert,24.64,110.95,3.17314,3.08438,2.04146
DEBBAL520000wbkf,teilsaniert,108.97,241.91,6.28617,6.148770000000001,4.53429
DEBBAL520000wbce,vollsaniert,14.96,55.96,0.61449,0.6010599999999999,0.44324
DEBBAL520000wbU1,unsaniert,36.06,262.52,9.60822,9.398200000000001,6.9305200000000005
DEBBAL520000wbc2,teilsaniert,177.01,341.91,8.88494,8.69073,6.408810000000001
DEBBAL520000wbSf,unsaniert,175.96,353.36,12.93302,12.65033,9.32873
DEBBAL520000wbkV,teilsaniert,10.7,51.05,1.03665,1.00765,0.6669299999999999
DEBBAL520000wbWU,unsaniert,93.43,681.01,23.56304,23.01823,16.616709999999998
DEBBAL520000wbcL,vollsaniert,158.38,291.86,3.20458,3.1345300000000003,2.3115
DEBBAL520000wbTy,vollsaniert,158.78,312.0,3.42577,3.3508899999999997,2.47105
DEBBAL520000wbcB,vollsaniert,21.6,99.31,1.09041,1.06657,0.78652
DEBBAL520000wbm6,unsaniert,11.37,46.75,1.33714,1.29973,0.86026
DEBBAL520000wbX7,unsaniert,103.03,225.79,8.26403,8.08339,5.96094
DEBBAL520000wblO,unsaniert,179.24,355.03,12.994069999999999,12.710049999999999,9.372770000000001
DEBBAL520000wbWv,teilsaniert,118.45,244.02,6.3412,6.20259,4.57398
DEBBAL520000wbUs,teilsaniert,120.38,218.49,5.67759,5.55349,4.09531
DEBBAL520000wbcb,vollsaniert,17.34,74.88,0.8221900000000001,0.80422,0.5930599999999999
DEBBAL520000wbXv,unsaniert,4.61,32.43,1.18679,1.16085,0.85605
DEBBAL010008FJGR,teilsaniert,16.62,73.99,1.9228,1.88077,1.38694
DEBBAL520000wbSK,teilsaniert,129.34,245.98,6.3921,6.2523800000000005,4.61069
DEBBAL520000wblE,unsaniert,169.2,341.24,12.48928,12.21629,9.008659999999999
DEBBAL520000wblf,unsaniert,105.46,177.76,6.50592,6.36371,4.6928
DEBBAL520000wbWY,unsaniert,87.0,606.63,22.202509999999997,21.717209999999998,16.01492
DEBBAL520000wbUB,unsaniert,205.48,394.37,14.43403,14.11853,10.411430000000001
DEBBAL520000wbWo,unsaniert,179.16,335.88,12.293190000000001,12.02449,8.86722
DEBBAL520000wbSO,unsaniert,191.79,374.17,13.69476,13.395430000000001,9.87819
DEBBAL520000wbc5,unsaniert,204.82,411.0,15.042629999999999,14.71383,10.85042
DEBBAL520000wbkc,teilsaniert,156.36,294.12,7.64288,7.47582,5.5128900000000005
DEBBAL520000wbXi,unsaniert,156.29,316.12,11.56985,11.31696,8.345469999999999
DEBBAL520000wbWC,unsaniert,113.77,238.07,8.713370000000001,8.522920000000001,6.2850600000000005
DEBBAL520000wbSs,unsaniert,223.37,454.01,16.61669,16.25348,11.985809999999999
DEBBAL010009lbnZ,teilsaniert,187.99,245.68,6.38434,6.24479,4.6051
DEBBAL520000wbU5,teilsaniert,321.1,515.8,13.40362,13.11064,9.66818
DEBBAL520000wbVD,unsaniert,197.77,280.74,10.27491,10.05032,7.41141
DEBBAL520000wbm4,unsaniert,5.96,38.99,1.1151,1.0839100000000002,0.71741
DEBBAL520000wbcx,vollsaniert,23.2,152.17,1.67082,1.6342999999999999,1.2051800000000001
DEBBAL010008Cynt,teilsaniert,138.18,320.72,8.33433,8.15216,6.0116499999999995
DEBBAL520000wbWt,unsaniert,74.78,144.03,4.55129,4.43606,3.0822
DEBBAL010008Y2In,teilsaniert,149.63,292.31,7.59608,7.4300500000000005,5.47914
DEBBAL520000wbTp,teilsaniert,172.8,356.33,9.25964,9.05724,6.67908
DEBBAL520000wbX1,unsaniert,6.93,33.77,1.23602,1.209,0.89155
DEBBAL520000wbTz,unsaniert,220.93,375.91,13.75819,13.45746,9.92394
DEBBAL520000wbRZ,teilsaniert,200.43,386.34,10.03947,9.820030000000001,7.24159
DEBBAL520000wbd8,teilsaniert,10.52,42.73,0.86763,0.84336,0.5581900000000001
DEBBAL520000wbmo,teilsaniert,2.44,16.99,0.34495,0.3353,0.22191999999999998
DEBBAL520000wbml,unsaniert,52.68,130.9,4.7908100000000005,4.68609,3.45566
DEBBAL520000wbWr,teilsaniert,9.64,61.48,1.24842,1.2135,0.80318
DEBBAL520000wbc6,unsaniert,219.03,416.92,15.25931,14.92577,11.00671
DEBBAL520000wbXx,unsaniert,175.78,351.31,12.85784,12.576799999999999,9.27451
DEBBAL520000wbX9,unsaniert,7.39,39.19,1.4343,1.4029500000000001,1.0345799999999998
DEBBAL520000wbYb,unsaniert,65.47,358.87,13.134739999999999,12.84764,9.47424
DEBBAL520000wbkX,teilsaniert,169.68,384.67,9.996030000000001,9.77753,7.21025
DEBBAL520000wbXz,unsaniert,9.29,49.94,1.82766,1.7877100000000001,1.3183099999999999
DEBBAL520000wbVQ,vollsaniert,13.3,58.94,0.6471399999999999,0.633,0.46679000000000004
DEBBAL520000wbX0,unsaniert,125.29,277.91,10.17133,9.949,7.33669
DEBBAL520000wbko,teilsaniert,127.48,257.63,6.69469,6.54836,4.82896
DEBBAL520000wbWz,unsaniert,142.27,302.53,11.0726,10.83058,7.98679
DEBBAL520000wbbY,teilsaniert,185.55,319.1,8.29202,8.11077,5.98113
DEBBAL520000wbXP,teilsaniert,17.19,125.93,3.27241,3.20088,2.36042
DEBBAL520000wbS8,unsaniert,225.18,345.56,12.64752,12.37107,9.1228
DEBBAL520000wblP,unsaniert,5.85,25.37,0.92853,0.90823,0.66976
DEBBAL520000wbl8,unsaniert,155.66,335.06,12.26316,11.99512,8.845559999999999
DEBBAL520000wbWa,unsaniert,113.82,238.48,8.72832,8.537540000000002,6.29584
DEBBAL520000wbm3,unsaniert,181.59,350.64,12.83356,12.553040000000001,9.25699
DEBBAL520000wbW6,teilsaniert,119.59,252.17,6.55282,6.409590000000001,4.72663
DEBBAL520000wbTM,unsaniert,108.71,239.2,8.75464,8.56328,6.31482
DEBBAL520000wbUq,unsaniert,161.32,276.73,10.1285,9.907110000000001,7.3058000000000005
DEBBAL520000wbTw,vollsaniert,240.06,404.31,4.4393199999999995,4.34229,3.20213
DEBBAL520000wbkJ,unsaniert,220.22,439.52,16.08645,15.73484,11.60334
DEBBAL520000wbl7,vollsaniert,142.39,260.38,2.85897,2.79648,2.06221
DEBBAL520000wbRO,unsaniert,166.33,368.89,13.501370000000001,13.20626,9.73869
DEBBAL520000wbS0,teilsaniert,176.47,380.45,9.88635,9.67026,7.13114
DEBBAL0100092Qvj,unsaniert,93.2,273.19,9.99893,9.78038,7.212350000000001
DEBBAL01000cHdHc,vollsaniert,40.05,42.66,0.46846,0.45822,0.3379
DEBBAL01000cGvSJ,vollsaniert,66.52,180.39,1.98066,1.93736,1.42867
DEBBAL01000cHdHh,teilsaniert,31.84,33.28,0.86494,0.84603,0.62389
